-- CITY
INSERT INTO S24_S003_T6_CITY (CID, Name, State, Zip) VALUES ('201', 'Dallas', 'Texas', '75243');
INSERT INTO S24_S003_T6_CITY (CID, Name, State, Zip) VALUES ('202', 'Houston', 'Texas', '77001');
INSERT INTO S24_S003_T6_CITY (CID, Name, State, Zip) VALUES ('203', 'San Antonio', 'Texas', '78015');
INSERT INTO S24_S003_T6_CITY (CID, Name, State, Zip) VALUES ('204', 'Austin', 'Texas', '73301');


-- ROUTE
INSERT INTO S24_S003_T6_ROUTE (RID, Source_CID, Dest_CID) VALUES ('401', '201', '202');
INSERT INTO S24_S003_T6_ROUTE (RID, Source_CID, Dest_CID) VALUES ('402', '201', '203');
INSERT INTO S24_S003_T6_ROUTE (RID, Source_CID, Dest_CID) VALUES ('403', '201', '204');
INSERT INTO S24_S003_T6_ROUTE (RID, Source_CID, Dest_CID) VALUES ('404', '202', '201');
INSERT INTO S24_S003_T6_ROUTE (RID, Source_CID, Dest_CID) VALUES ('405', '202', '203');
INSERT INTO S24_S003_T6_ROUTE (RID, Source_CID, Dest_CID) VALUES ('406', '202', '204');
INSERT INTO S24_S003_T6_ROUTE (RID, Source_CID, Dest_CID) VALUES ('407', '203', '201');
INSERT INTO S24_S003_T6_ROUTE (RID, Source_CID, Dest_CID) VALUES ('408', '203', '202');
INSERT INTO S24_S003_T6_ROUTE (RID, Source_CID, Dest_CID) VALUES ('409', '203', '204');
INSERT INTO S24_S003_T6_ROUTE (RID, Source_CID, Dest_CID) VALUES ('410', '204', '201');
INSERT INTO S24_S003_T6_ROUTE (RID, Source_CID, Dest_CID) VALUES ('411', '204', '202');
INSERT INTO S24_S003_T6_ROUTE (RID, Source_CID, Dest_CID) VALUES ('412', '204', '203');


-- BUS
INSERT INTO S24_S003_T6_BUS (BNumber, Type) VALUES ('N1JVHP', 'Express');
INSERT INTO S24_S003_T6_BUS (BNumber, Type) VALUES ('PJI6KW', 'Express');
INSERT INTO S24_S003_T6_BUS (BNumber, Type) VALUES ('P123L7', 'Local');
INSERT INTO S24_S003_T6_BUS (BNumber, Type) VALUES ('OZE7T5', 'Intercity');
INSERT INTO S24_S003_T6_BUS (BNumber, Type) VALUES ('EZBAP6', 'Local');
INSERT INTO S24_S003_T6_BUS (BNumber, Type) VALUES ('J95SYP', 'Intercity');
INSERT INTO S24_S003_T6_BUS (BNumber, Type) VALUES ('2CCPO2', 'Local');
INSERT INTO S24_S003_T6_BUS (BNumber, Type) VALUES ('IPUV4E', 'Local');
INSERT INTO S24_S003_T6_BUS (BNumber, Type) VALUES ('MSSETO', 'Express');
INSERT INTO S24_S003_T6_BUS (BNumber, Type) VALUES ('L6GLX2', 'Intercity');
INSERT INTO S24_S003_T6_BUS (BNumber, Type) VALUES ('0DOWEA', 'Intercity');
INSERT INTO S24_S003_T6_BUS (BNumber, Type) VALUES ('NJLAI1', 'Local');
INSERT INTO S24_S003_T6_BUS (BNumber, Type) VALUES ('VCKLIB', 'Local');
INSERT INTO S24_S003_T6_BUS (BNumber, Type) VALUES ('C27R42', 'Express');
INSERT INTO S24_S003_T6_BUS (BNumber, Type) VALUES ('TQK99R', 'Intercity');
INSERT INTO S24_S003_T6_BUS (BNumber, Type) VALUES ('3IEU1P', 'Intercity');
INSERT INTO S24_S003_T6_BUS (BNumber, Type) VALUES ('JVOD6S', 'Local');
INSERT INTO S24_S003_T6_BUS (BNumber, Type) VALUES ('2KAI6Q', 'Intercity');
INSERT INTO S24_S003_T6_BUS (BNumber, Type) VALUES ('BWXGRA', 'Local');
INSERT INTO S24_S003_T6_BUS (BNumber, Type) VALUES ('5JNG96', 'Local');
INSERT INTO S24_S003_T6_BUS (BNumber, Type) VALUES ('C11OW0', 'Intercity');
INSERT INTO S24_S003_T6_BUS (BNumber, Type) VALUES ('9V0BW1', 'Intercity');
INSERT INTO S24_S003_T6_BUS (BNumber, Type) VALUES ('HYPR4R', 'Intercity');
INSERT INTO S24_S003_T6_BUS (BNumber, Type) VALUES ('47RYVZ', 'Intercity');
INSERT INTO S24_S003_T6_BUS (BNumber, Type) VALUES ('WO11CP', 'Express');
INSERT INTO S24_S003_T6_BUS (BNumber, Type) VALUES ('IMAOG7', 'Express');
INSERT INTO S24_S003_T6_BUS (BNumber, Type) VALUES ('UPFHN1', 'Intercity');
INSERT INTO S24_S003_T6_BUS (BNumber, Type) VALUES ('Z847YG', 'Express');
INSERT INTO S24_S003_T6_BUS (BNumber, Type) VALUES ('97PSXB', 'Express');
INSERT INTO S24_S003_T6_BUS (BNumber, Type) VALUES ('SMSYBT', 'Express');
INSERT INTO S24_S003_T6_BUS (BNumber, Type) VALUES ('NF9A2J', 'Local');
INSERT INTO S24_S003_T6_BUS (BNumber, Type) VALUES ('EOF640', 'Local');
INSERT INTO S24_S003_T6_BUS (BNumber, Type) VALUES ('WZVHUZ', 'Intercity');
INSERT INTO S24_S003_T6_BUS (BNumber, Type) VALUES ('L0POOG', 'Express');
INSERT INTO S24_S003_T6_BUS (BNumber, Type) VALUES ('YY1SDK', 'Intercity');
INSERT INTO S24_S003_T6_BUS (BNumber, Type) VALUES ('0SWJIV', 'Express');
INSERT INTO S24_S003_T6_BUS (BNumber, Type) VALUES ('5O7VSL', 'Local');
INSERT INTO S24_S003_T6_BUS (BNumber, Type) VALUES ('FOVFCQ', 'Intercity');
INSERT INTO S24_S003_T6_BUS (BNumber, Type) VALUES ('ZDLL4C', 'Intercity');
INSERT INTO S24_S003_T6_BUS (BNumber, Type) VALUES ('6R4PHA', 'Intercity');
INSERT INTO S24_S003_T6_BUS (BNumber, Type) VALUES ('OYXJ3S', 'Express');
INSERT INTO S24_S003_T6_BUS (BNumber, Type) VALUES ('V5LCE6', 'Local');
INSERT INTO S24_S003_T6_BUS (BNumber, Type) VALUES ('QLCHJX', 'Intercity');
INSERT INTO S24_S003_T6_BUS (BNumber, Type) VALUES ('WPXGVM', 'Local');
INSERT INTO S24_S003_T6_BUS (BNumber, Type) VALUES ('QVWPR5', 'Local');
INSERT INTO S24_S003_T6_BUS (BNumber, Type) VALUES ('CJOQCC', 'Local');
INSERT INTO S24_S003_T6_BUS (BNumber, Type) VALUES ('1JC83Q', 'Express');
INSERT INTO S24_S003_T6_BUS (BNumber, Type) VALUES ('RF3S9K', 'Local');
INSERT INTO S24_S003_T6_BUS (BNumber, Type) VALUES ('250FSA', 'Express');
INSERT INTO S24_S003_T6_BUS (BNumber, Type) VALUES ('UMFTHD', 'Express');


-- DRIVER
INSERT INTO S24_S003_T6_DRIVER (DID, License, DOB, Name, Email) VALUES ('10', '3848506928', '11/27/1970', 'Jennifer Hernandez', 'qhowe@example.org');
INSERT INTO S24_S003_T6_DRIVER (DID, License, DOB, Name, Email) VALUES ('11', '6556593568', '12/16/1954', 'Thomas Gonzalez', 'kingtara@example.org');
INSERT INTO S24_S003_T6_DRIVER (DID, License, DOB, Name, Email) VALUES ('12', '6536084499', '2/1/1955', 'Jessica Reese', 'garciajessica@example.net');
INSERT INTO S24_S003_T6_DRIVER (DID, License, DOB, Name, Email) VALUES ('13', '7255477455', '9/5/1967', 'Linda Gonzales', 'freemanamanda@example.com');
INSERT INTO S24_S003_T6_DRIVER (DID, License, DOB, Name, Email) VALUES ('14', '4114814240', '7/16/1983', 'Meghan Dodson', 'leonardanita@example.net');
INSERT INTO S24_S003_T6_DRIVER (DID, License, DOB, Name, Email) VALUES ('15', '6218985516', '4/23/1984', 'Andrea Ramos', 'jessica69@example.net');
INSERT INTO S24_S003_T6_DRIVER (DID, License, DOB, Name, Email) VALUES ('16', '931368441', '6/8/1955', 'Dylan Brown', 'mistylee@example.com');
INSERT INTO S24_S003_T6_DRIVER (DID, License, DOB, Name, Email) VALUES ('17', '9785501445', '3/2/1975', 'Maria Vega', 'salastodd@example.net');
INSERT INTO S24_S003_T6_DRIVER (DID, License, DOB, Name, Email) VALUES ('18', '7840552351', '11/11/1980', 'Carlos Nicholson', 'william64@example.com');
INSERT INTO S24_S003_T6_DRIVER (DID, License, DOB, Name, Email) VALUES ('19', '645354081', '3/26/1997', 'Cory Walker', 'barronjoshua@example.org');
INSERT INTO S24_S003_T6_DRIVER (DID, License, DOB, Name, Email) VALUES ('20', '6905849029', '9/7/1962', 'Janice Strickland', 'amyhernandez@example.com');
INSERT INTO S24_S003_T6_DRIVER (DID, License, DOB, Name, Email) VALUES ('21', '9435189761', '5/27/1973', 'Tammy Stevens', 'mirandarodriguez@example.com');
INSERT INTO S24_S003_T6_DRIVER (DID, License, DOB, Name, Email) VALUES ('22', '7827411590', '4/4/1996', 'Joshua Carter', 'vcalhoun@example.net');
INSERT INTO S24_S003_T6_DRIVER (DID, License, DOB, Name, Email) VALUES ('23', '4266529010', '4/12/1966', 'Laura Rangel', 'kgarza@example.org');
INSERT INTO S24_S003_T6_DRIVER (DID, License, DOB, Name, Email) VALUES ('24', '819990977', '5/2/1972', 'Frances Duarte', 'vturner@example.net');
INSERT INTO S24_S003_T6_DRIVER (DID, License, DOB, Name, Email) VALUES ('25', '2846711439', '6/26/1998', 'Mariah Golden', 'grahamjohn@example.net');
INSERT INTO S24_S003_T6_DRIVER (DID, License, DOB, Name, Email) VALUES ('26', '2113605038', '5/2/1988', 'Kathryn Baker', 'rosemccarthy@example.net');
INSERT INTO S24_S003_T6_DRIVER (DID, License, DOB, Name, Email) VALUES ('27', '1846450852', '4/6/1998', 'Miranda Irwin', 'ejohnson@example.org');
INSERT INTO S24_S003_T6_DRIVER (DID, License, DOB, Name, Email) VALUES ('28', '3666366446', '12/15/1977', 'David Ross', 'danielsvalerie@example.com');
INSERT INTO S24_S003_T6_DRIVER (DID, License, DOB, Name, Email) VALUES ('29', '5327897747', '8/17/1993', 'Derek Fernandez', 'ajackson@example.net');
INSERT INTO S24_S003_T6_DRIVER (DID, License, DOB, Name, Email) VALUES ('30', '8824597581', '3/27/1973', 'Connie Ellis', 'jackjohnson@example.com');
INSERT INTO S24_S003_T6_DRIVER (DID, License, DOB, Name, Email) VALUES ('31', '8402036554', '7/6/1981', 'Sabrina Morris', 'baileyrachel@example.com');
INSERT INTO S24_S003_T6_DRIVER (DID, License, DOB, Name, Email) VALUES ('32', '5962433289', '6/19/1958', 'Brittany Blanchard', 'elizabeth86@example.net');
INSERT INTO S24_S003_T6_DRIVER (DID, License, DOB, Name, Email) VALUES ('33', '9865397638', '5/19/1994', 'Michael Davis', 'charleswaters@example.net');
INSERT INTO S24_S003_T6_DRIVER (DID, License, DOB, Name, Email) VALUES ('34', '3997467917', '3/4/1960', 'Mark Rogers', 'dean71@example.com');
INSERT INTO S24_S003_T6_DRIVER (DID, License, DOB, Name, Email) VALUES ('35', '3534800373', '9/26/1996', 'Lauren Figueroa', 'zacharydunn@example.com');
INSERT INTO S24_S003_T6_DRIVER (DID, License, DOB, Name, Email) VALUES ('36', '978763980', '7/7/1979', 'Frederick Foley', 'sara32@example.org');
INSERT INTO S24_S003_T6_DRIVER (DID, License, DOB, Name, Email) VALUES ('37', '9086405370', '2/20/1999', 'Sonya Johnson', 'kwyatt@example.net');
INSERT INTO S24_S003_T6_DRIVER (DID, License, DOB, Name, Email) VALUES ('38', '9760559992', '9/19/1987', 'Francisco English', 'katiestewart@example.net');
INSERT INTO S24_S003_T6_DRIVER (DID, License, DOB, Name, Email) VALUES ('39', '4210318583', '3/12/1998', 'Vanessa Cruz', 'bcollins@example.com');
INSERT INTO S24_S003_T6_DRIVER (DID, License, DOB, Name, Email) VALUES ('40', '9279213106', '8/8/1966', 'Ariel Berry', 'zallison@example.org');
INSERT INTO S24_S003_T6_DRIVER (DID, License, DOB, Name, Email) VALUES ('41', '3978844064', '3/31/1971', 'Charles Lopez', 'bbrown@example.org');
INSERT INTO S24_S003_T6_DRIVER (DID, License, DOB, Name, Email) VALUES ('42', '9823489021', '5/5/1959', 'Amanda Mcdonald', 'richardsmandy@example.net');
INSERT INTO S24_S003_T6_DRIVER (DID, License, DOB, Name, Email) VALUES ('43', '4587849049', '1/31/1983', 'Brandy Bates', 'xcarter@example.com');
INSERT INTO S24_S003_T6_DRIVER (DID, License, DOB, Name, Email) VALUES ('44', '9446728705', '8/1/1983', 'Amanda Petty', 'haileywilson@example.net');
INSERT INTO S24_S003_T6_DRIVER (DID, License, DOB, Name, Email) VALUES ('45', '5652831077', '1/4/1989', 'Sheila Walker', 'harold63@example.net');
INSERT INTO S24_S003_T6_DRIVER (DID, License, DOB, Name, Email) VALUES ('46', '8246556492', '2/13/1963', 'Albert Bowers', 'munozmichelle@example.com');
INSERT INTO S24_S003_T6_DRIVER (DID, License, DOB, Name, Email) VALUES ('47', '9457422359', '5/10/1986', 'Dakota Peterson', 'tonyarobinson@example.net');
INSERT INTO S24_S003_T6_DRIVER (DID, License, DOB, Name, Email) VALUES ('48', '9979170047', '11/7/1981', 'Jason Phillips', 'mark84@example.com');
INSERT INTO S24_S003_T6_DRIVER (DID, License, DOB, Name, Email) VALUES ('49', '8895009245', '10/17/1983', 'Jackie Gibson', 'wrightmichael@example.org');
INSERT INTO S24_S003_T6_DRIVER (DID, License, DOB, Name, Email) VALUES ('50', '3109372325', '11/25/1956', 'Steven Adams', 'smithbeth@example.net');
INSERT INTO S24_S003_T6_DRIVER (DID, License, DOB, Name, Email) VALUES ('51', '8137285647', '8/14/1968', 'Dr. Brandi Potter DDS', 'hornamy@example.org');
INSERT INTO S24_S003_T6_DRIVER (DID, License, DOB, Name, Email) VALUES ('52', '6798285800', '10/21/1977', 'Paul Strickland', 'watkinspatricia@example.org');
INSERT INTO S24_S003_T6_DRIVER (DID, License, DOB, Name, Email) VALUES ('53', '4494466433', '11/25/1979', 'Jason White', 'scott87@example.net');
INSERT INTO S24_S003_T6_DRIVER (DID, License, DOB, Name, Email) VALUES ('54', '8074504379', '11/29/1986', 'Mindy Padilla', 'jennifercarr@example.net');
INSERT INTO S24_S003_T6_DRIVER (DID, License, DOB, Name, Email) VALUES ('55', '3283045784', '4/7/1979', 'Megan Stewart', 'david64@example.net');
INSERT INTO S24_S003_T6_DRIVER (DID, License, DOB, Name, Email) VALUES ('56', '5267601673', '7/20/1974', 'Thomas Smith', 'tararivera@example.org');
INSERT INTO S24_S003_T6_DRIVER (DID, License, DOB, Name, Email) VALUES ('57', '6079178870', '7/8/1955', 'Jerry Tucker', 'millergrace@example.com');
INSERT INTO S24_S003_T6_DRIVER (DID, License, DOB, Name, Email) VALUES ('58', '4288154845', '6/27/1962', 'Cesar Taylor', 'lori57@example.org');
INSERT INTO S24_S003_T6_DRIVER (DID, License, DOB, Name, Email) VALUES ('59', '431600038', '7/7/1955', 'Sergio Ward', 'robertsjennifer@example.org');



-- BUS_ASSIGNED
INSERT INTO S24_S003_T6_BUS_ASSIGNED (BNumber, DID) VALUES ('N1JVHP', '17');
INSERT INTO S24_S003_T6_BUS_ASSIGNED (BNumber, DID) VALUES ('PJI6KW', '17');
INSERT INTO S24_S003_T6_BUS_ASSIGNED (BNumber, DID) VALUES ('P123L7', '17');
INSERT INTO S24_S003_T6_BUS_ASSIGNED (BNumber, DID) VALUES ('OZE7T5', '17');
INSERT INTO S24_S003_T6_BUS_ASSIGNED (BNumber, DID) VALUES ('EZBAP6', '17');
INSERT INTO S24_S003_T6_BUS_ASSIGNED (BNumber, DID) VALUES ('J95SYP', '17');
INSERT INTO S24_S003_T6_BUS_ASSIGNED (BNumber, DID) VALUES ('2CCPO2', '17');
INSERT INTO S24_S003_T6_BUS_ASSIGNED (BNumber, DID) VALUES ('IPUV4E', '17');
INSERT INTO S24_S003_T6_BUS_ASSIGNED (BNumber, DID) VALUES ('MSSETO', '17');
INSERT INTO S24_S003_T6_BUS_ASSIGNED (BNumber, DID) VALUES ('L6GLX2', '17');
INSERT INTO S24_S003_T6_BUS_ASSIGNED (BNumber, DID) VALUES ('0DOWEA', '17');
INSERT INTO S24_S003_T6_BUS_ASSIGNED (BNumber, DID) VALUES ('NJLAI1', '17');
INSERT INTO S24_S003_T6_BUS_ASSIGNED (BNumber, DID) VALUES ('VCKLIB', '17');
INSERT INTO S24_S003_T6_BUS_ASSIGNED (BNumber, DID) VALUES ('C27R42', '17');
INSERT INTO S24_S003_T6_BUS_ASSIGNED (BNumber, DID) VALUES ('TQK99R', '17');
INSERT INTO S24_S003_T6_BUS_ASSIGNED (BNumber, DID) VALUES ('3IEU1P', '17');
INSERT INTO S24_S003_T6_BUS_ASSIGNED (BNumber, DID) VALUES ('JVOD6S', '17');
INSERT INTO S24_S003_T6_BUS_ASSIGNED (BNumber, DID) VALUES ('2KAI6Q', '17');
INSERT INTO S24_S003_T6_BUS_ASSIGNED (BNumber, DID) VALUES ('BWXGRA', '17');
INSERT INTO S24_S003_T6_BUS_ASSIGNED (BNumber, DID) VALUES ('5JNG96', '17');
INSERT INTO S24_S003_T6_BUS_ASSIGNED (BNumber, DID) VALUES ('C11OW0', '17');
INSERT INTO S24_S003_T6_BUS_ASSIGNED (BNumber, DID) VALUES ('9V0BW1', '17');
INSERT INTO S24_S003_T6_BUS_ASSIGNED (BNumber, DID) VALUES ('HYPR4R', '17');
INSERT INTO S24_S003_T6_BUS_ASSIGNED (BNumber, DID) VALUES ('47RYVZ', '17');
INSERT INTO S24_S003_T6_BUS_ASSIGNED (BNumber, DID) VALUES ('WO11CP', '17');
INSERT INTO S24_S003_T6_BUS_ASSIGNED (BNumber, DID) VALUES ('IMAOG7', '17');
INSERT INTO S24_S003_T6_BUS_ASSIGNED (BNumber, DID) VALUES ('UPFHN1', '17');
INSERT INTO S24_S003_T6_BUS_ASSIGNED (BNumber, DID) VALUES ('Z847YG', '17');
INSERT INTO S24_S003_T6_BUS_ASSIGNED (BNumber, DID) VALUES ('97PSXB', '17');
INSERT INTO S24_S003_T6_BUS_ASSIGNED (BNumber, DID) VALUES ('SMSYBT', '17');
INSERT INTO S24_S003_T6_BUS_ASSIGNED (BNumber, DID) VALUES ('NF9A2J', '17');
INSERT INTO S24_S003_T6_BUS_ASSIGNED (BNumber, DID) VALUES ('EOF640', '17');
INSERT INTO S24_S003_T6_BUS_ASSIGNED (BNumber, DID) VALUES ('WZVHUZ', '17');
INSERT INTO S24_S003_T6_BUS_ASSIGNED (BNumber, DID) VALUES ('L0POOG', '17');
INSERT INTO S24_S003_T6_BUS_ASSIGNED (BNumber, DID) VALUES ('YY1SDK', '17');
INSERT INTO S24_S003_T6_BUS_ASSIGNED (BNumber, DID) VALUES ('0SWJIV', '17');
INSERT INTO S24_S003_T6_BUS_ASSIGNED (BNumber, DID) VALUES ('5O7VSL', '17');
INSERT INTO S24_S003_T6_BUS_ASSIGNED (BNumber, DID) VALUES ('FOVFCQ', '17');
INSERT INTO S24_S003_T6_BUS_ASSIGNED (BNumber, DID) VALUES ('ZDLL4C', '17');
INSERT INTO S24_S003_T6_BUS_ASSIGNED (BNumber, DID) VALUES ('6R4PHA', '17');
INSERT INTO S24_S003_T6_BUS_ASSIGNED (BNumber, DID) VALUES ('OYXJ3S', '17');
INSERT INTO S24_S003_T6_BUS_ASSIGNED (BNumber, DID) VALUES ('V5LCE6', '17');
INSERT INTO S24_S003_T6_BUS_ASSIGNED (BNumber, DID) VALUES ('QLCHJX', '17');
INSERT INTO S24_S003_T6_BUS_ASSIGNED (BNumber, DID) VALUES ('WPXGVM', '17');
INSERT INTO S24_S003_T6_BUS_ASSIGNED (BNumber, DID) VALUES ('QVWPR5', '17');
INSERT INTO S24_S003_T6_BUS_ASSIGNED (BNumber, DID) VALUES ('CJOQCC', '17');
INSERT INTO S24_S003_T6_BUS_ASSIGNED (BNumber, DID) VALUES ('1JC83Q', '17');
INSERT INTO S24_S003_T6_BUS_ASSIGNED (BNumber, DID) VALUES ('RF3S9K', '17');
INSERT INTO S24_S003_T6_BUS_ASSIGNED (BNumber, DID) VALUES ('250FSA', '17');
INSERT INTO S24_S003_T6_BUS_ASSIGNED (BNumber, DID) VALUES ('UMFTHD', '17');
INSERT INTO S24_S003_T6_BUS_ASSIGNED (BNumber, DID) VALUES ('N1JVHP', '45');
INSERT INTO S24_S003_T6_BUS_ASSIGNED (BNumber, DID) VALUES ('PJI6KW', '45');
INSERT INTO S24_S003_T6_BUS_ASSIGNED (BNumber, DID) VALUES ('P123L7', '45');
INSERT INTO S24_S003_T6_BUS_ASSIGNED (BNumber, DID) VALUES ('OZE7T5', '45');
INSERT INTO S24_S003_T6_BUS_ASSIGNED (BNumber, DID) VALUES ('EZBAP6', '45');
INSERT INTO S24_S003_T6_BUS_ASSIGNED (BNumber, DID) VALUES ('J95SYP', '45');
INSERT INTO S24_S003_T6_BUS_ASSIGNED (BNumber, DID) VALUES ('2CCPO2', '45');
INSERT INTO S24_S003_T6_BUS_ASSIGNED (BNumber, DID) VALUES ('IPUV4E', '45');
INSERT INTO S24_S003_T6_BUS_ASSIGNED (BNumber, DID) VALUES ('MSSETO', '45');
INSERT INTO S24_S003_T6_BUS_ASSIGNED (BNumber, DID) VALUES ('L6GLX2', '45');
INSERT INTO S24_S003_T6_BUS_ASSIGNED (BNumber, DID) VALUES ('0DOWEA', '45');
INSERT INTO S24_S003_T6_BUS_ASSIGNED (BNumber, DID) VALUES ('NJLAI1', '45');
INSERT INTO S24_S003_T6_BUS_ASSIGNED (BNumber, DID) VALUES ('VCKLIB', '45');
INSERT INTO S24_S003_T6_BUS_ASSIGNED (BNumber, DID) VALUES ('C27R42', '45');
INSERT INTO S24_S003_T6_BUS_ASSIGNED (BNumber, DID) VALUES ('TQK99R', '45');
INSERT INTO S24_S003_T6_BUS_ASSIGNED (BNumber, DID) VALUES ('3IEU1P', '45');
INSERT INTO S24_S003_T6_BUS_ASSIGNED (BNumber, DID) VALUES ('JVOD6S', '45');
INSERT INTO S24_S003_T6_BUS_ASSIGNED (BNumber, DID) VALUES ('2KAI6Q', '45');
INSERT INTO S24_S003_T6_BUS_ASSIGNED (BNumber, DID) VALUES ('BWXGRA', '45');
INSERT INTO S24_S003_T6_BUS_ASSIGNED (BNumber, DID) VALUES ('5JNG96', '45');
INSERT INTO S24_S003_T6_BUS_ASSIGNED (BNumber, DID) VALUES ('C11OW0', '45');
INSERT INTO S24_S003_T6_BUS_ASSIGNED (BNumber, DID) VALUES ('9V0BW1', '45');
INSERT INTO S24_S003_T6_BUS_ASSIGNED (BNumber, DID) VALUES ('HYPR4R', '45');
INSERT INTO S24_S003_T6_BUS_ASSIGNED (BNumber, DID) VALUES ('47RYVZ', '45');
INSERT INTO S24_S003_T6_BUS_ASSIGNED (BNumber, DID) VALUES ('WO11CP', '45');
INSERT INTO S24_S003_T6_BUS_ASSIGNED (BNumber, DID) VALUES ('IMAOG7', '45');
INSERT INTO S24_S003_T6_BUS_ASSIGNED (BNumber, DID) VALUES ('UPFHN1', '45');
INSERT INTO S24_S003_T6_BUS_ASSIGNED (BNumber, DID) VALUES ('Z847YG', '45');
INSERT INTO S24_S003_T6_BUS_ASSIGNED (BNumber, DID) VALUES ('97PSXB', '45');
INSERT INTO S24_S003_T6_BUS_ASSIGNED (BNumber, DID) VALUES ('SMSYBT', '45');
INSERT INTO S24_S003_T6_BUS_ASSIGNED (BNumber, DID) VALUES ('NF9A2J', '45');
INSERT INTO S24_S003_T6_BUS_ASSIGNED (BNumber, DID) VALUES ('EOF640', '45');
INSERT INTO S24_S003_T6_BUS_ASSIGNED (BNumber, DID) VALUES ('WZVHUZ', '45');
INSERT INTO S24_S003_T6_BUS_ASSIGNED (BNumber, DID) VALUES ('L0POOG', '45');
INSERT INTO S24_S003_T6_BUS_ASSIGNED (BNumber, DID) VALUES ('YY1SDK', '45');
INSERT INTO S24_S003_T6_BUS_ASSIGNED (BNumber, DID) VALUES ('0SWJIV', '45');
INSERT INTO S24_S003_T6_BUS_ASSIGNED (BNumber, DID) VALUES ('5O7VSL', '45');
INSERT INTO S24_S003_T6_BUS_ASSIGNED (BNumber, DID) VALUES ('FOVFCQ', '45');
INSERT INTO S24_S003_T6_BUS_ASSIGNED (BNumber, DID) VALUES ('ZDLL4C', '45');
INSERT INTO S24_S003_T6_BUS_ASSIGNED (BNumber, DID) VALUES ('6R4PHA', '45');
INSERT INTO S24_S003_T6_BUS_ASSIGNED (BNumber, DID) VALUES ('OYXJ3S', '45');
INSERT INTO S24_S003_T6_BUS_ASSIGNED (BNumber, DID) VALUES ('V5LCE6', '45');
INSERT INTO S24_S003_T6_BUS_ASSIGNED (BNumber, DID) VALUES ('QLCHJX', '45');
INSERT INTO S24_S003_T6_BUS_ASSIGNED (BNumber, DID) VALUES ('WPXGVM', '45');
INSERT INTO S24_S003_T6_BUS_ASSIGNED (BNumber, DID) VALUES ('QVWPR5', '45');
INSERT INTO S24_S003_T6_BUS_ASSIGNED (BNumber, DID) VALUES ('CJOQCC', '45');
INSERT INTO S24_S003_T6_BUS_ASSIGNED (BNumber, DID) VALUES ('1JC83Q', '45');
INSERT INTO S24_S003_T6_BUS_ASSIGNED (BNumber, DID) VALUES ('RF3S9K', '45');
INSERT INTO S24_S003_T6_BUS_ASSIGNED (BNumber, DID) VALUES ('250FSA', '45');
INSERT INTO S24_S003_T6_BUS_ASSIGNED (BNumber, DID) VALUES ('UMFTHD', '45');
INSERT INTO S24_S003_T6_BUS_ASSIGNED (BNumber, DID) VALUES ('N1JVHP', '23');
INSERT INTO S24_S003_T6_BUS_ASSIGNED (BNumber, DID) VALUES ('PJI6KW', '23');
INSERT INTO S24_S003_T6_BUS_ASSIGNED (BNumber, DID) VALUES ('P123L7', '23');
INSERT INTO S24_S003_T6_BUS_ASSIGNED (BNumber, DID) VALUES ('OZE7T5', '23');
INSERT INTO S24_S003_T6_BUS_ASSIGNED (BNumber, DID) VALUES ('EZBAP6', '23');
INSERT INTO S24_S003_T6_BUS_ASSIGNED (BNumber, DID) VALUES ('J95SYP', '23');
INSERT INTO S24_S003_T6_BUS_ASSIGNED (BNumber, DID) VALUES ('2CCPO2', '23');
INSERT INTO S24_S003_T6_BUS_ASSIGNED (BNumber, DID) VALUES ('IPUV4E', '23');
INSERT INTO S24_S003_T6_BUS_ASSIGNED (BNumber, DID) VALUES ('MSSETO', '23');
INSERT INTO S24_S003_T6_BUS_ASSIGNED (BNumber, DID) VALUES ('L6GLX2', '23');
INSERT INTO S24_S003_T6_BUS_ASSIGNED (BNumber, DID) VALUES ('0DOWEA', '23');
INSERT INTO S24_S003_T6_BUS_ASSIGNED (BNumber, DID) VALUES ('NJLAI1', '23');
INSERT INTO S24_S003_T6_BUS_ASSIGNED (BNumber, DID) VALUES ('VCKLIB', '23');
INSERT INTO S24_S003_T6_BUS_ASSIGNED (BNumber, DID) VALUES ('C27R42', '23');
INSERT INTO S24_S003_T6_BUS_ASSIGNED (BNumber, DID) VALUES ('TQK99R', '23');
INSERT INTO S24_S003_T6_BUS_ASSIGNED (BNumber, DID) VALUES ('3IEU1P', '23');
INSERT INTO S24_S003_T6_BUS_ASSIGNED (BNumber, DID) VALUES ('JVOD6S', '23');
INSERT INTO S24_S003_T6_BUS_ASSIGNED (BNumber, DID) VALUES ('2KAI6Q', '23');
INSERT INTO S24_S003_T6_BUS_ASSIGNED (BNumber, DID) VALUES ('BWXGRA', '23');
INSERT INTO S24_S003_T6_BUS_ASSIGNED (BNumber, DID) VALUES ('5JNG96', '23');
INSERT INTO S24_S003_T6_BUS_ASSIGNED (BNumber, DID) VALUES ('C11OW0', '23');
INSERT INTO S24_S003_T6_BUS_ASSIGNED (BNumber, DID) VALUES ('9V0BW1', '23');
INSERT INTO S24_S003_T6_BUS_ASSIGNED (BNumber, DID) VALUES ('HYPR4R', '23');
INSERT INTO S24_S003_T6_BUS_ASSIGNED (BNumber, DID) VALUES ('47RYVZ', '23');
INSERT INTO S24_S003_T6_BUS_ASSIGNED (BNumber, DID) VALUES ('WO11CP', '23');
INSERT INTO S24_S003_T6_BUS_ASSIGNED (BNumber, DID) VALUES ('IMAOG7', '23');
INSERT INTO S24_S003_T6_BUS_ASSIGNED (BNumber, DID) VALUES ('UPFHN1', '23');
INSERT INTO S24_S003_T6_BUS_ASSIGNED (BNumber, DID) VALUES ('Z847YG', '23');
INSERT INTO S24_S003_T6_BUS_ASSIGNED (BNumber, DID) VALUES ('97PSXB', '23');
INSERT INTO S24_S003_T6_BUS_ASSIGNED (BNumber, DID) VALUES ('SMSYBT', '23');
INSERT INTO S24_S003_T6_BUS_ASSIGNED (BNumber, DID) VALUES ('NF9A2J', '23');
INSERT INTO S24_S003_T6_BUS_ASSIGNED (BNumber, DID) VALUES ('EOF640', '23');
INSERT INTO S24_S003_T6_BUS_ASSIGNED (BNumber, DID) VALUES ('WZVHUZ', '23');
INSERT INTO S24_S003_T6_BUS_ASSIGNED (BNumber, DID) VALUES ('L0POOG', '23');
INSERT INTO S24_S003_T6_BUS_ASSIGNED (BNumber, DID) VALUES ('YY1SDK', '23');
INSERT INTO S24_S003_T6_BUS_ASSIGNED (BNumber, DID) VALUES ('0SWJIV', '23');
INSERT INTO S24_S003_T6_BUS_ASSIGNED (BNumber, DID) VALUES ('5O7VSL', '23');
INSERT INTO S24_S003_T6_BUS_ASSIGNED (BNumber, DID) VALUES ('FOVFCQ', '23');
INSERT INTO S24_S003_T6_BUS_ASSIGNED (BNumber, DID) VALUES ('ZDLL4C', '23');
INSERT INTO S24_S003_T6_BUS_ASSIGNED (BNumber, DID) VALUES ('6R4PHA', '23');
INSERT INTO S24_S003_T6_BUS_ASSIGNED (BNumber, DID) VALUES ('OYXJ3S', '23');
INSERT INTO S24_S003_T6_BUS_ASSIGNED (BNumber, DID) VALUES ('V5LCE6', '23');
INSERT INTO S24_S003_T6_BUS_ASSIGNED (BNumber, DID) VALUES ('QLCHJX', '23');
INSERT INTO S24_S003_T6_BUS_ASSIGNED (BNumber, DID) VALUES ('WPXGVM', '23');
INSERT INTO S24_S003_T6_BUS_ASSIGNED (BNumber, DID) VALUES ('QVWPR5', '23');
INSERT INTO S24_S003_T6_BUS_ASSIGNED (BNumber, DID) VALUES ('CJOQCC', '23');
INSERT INTO S24_S003_T6_BUS_ASSIGNED (BNumber, DID) VALUES ('1JC83Q', '23');
INSERT INTO S24_S003_T6_BUS_ASSIGNED (BNumber, DID) VALUES ('RF3S9K', '23');
INSERT INTO S24_S003_T6_BUS_ASSIGNED (BNumber, DID) VALUES ('250FSA', '23');
INSERT INTO S24_S003_T6_BUS_ASSIGNED (BNumber, DID) VALUES ('UMFTHD', '23');
INSERT INTO S24_S003_T6_BUS_ASSIGNED (BNumber, DID) VALUES ('N1JVHP', '38');
INSERT INTO S24_S003_T6_BUS_ASSIGNED (BNumber, DID) VALUES ('PJI6KW', '38');
INSERT INTO S24_S003_T6_BUS_ASSIGNED (BNumber, DID) VALUES ('P123L7', '38');
INSERT INTO S24_S003_T6_BUS_ASSIGNED (BNumber, DID) VALUES ('OZE7T5', '38');
INSERT INTO S24_S003_T6_BUS_ASSIGNED (BNumber, DID) VALUES ('EZBAP6', '38');
INSERT INTO S24_S003_T6_BUS_ASSIGNED (BNumber, DID) VALUES ('J95SYP', '38');
INSERT INTO S24_S003_T6_BUS_ASSIGNED (BNumber, DID) VALUES ('2CCPO2', '38');
INSERT INTO S24_S003_T6_BUS_ASSIGNED (BNumber, DID) VALUES ('IPUV4E', '38');
INSERT INTO S24_S003_T6_BUS_ASSIGNED (BNumber, DID) VALUES ('MSSETO', '38');
INSERT INTO S24_S003_T6_BUS_ASSIGNED (BNumber, DID) VALUES ('L6GLX2', '38');
INSERT INTO S24_S003_T6_BUS_ASSIGNED (BNumber, DID) VALUES ('0DOWEA', '38');
INSERT INTO S24_S003_T6_BUS_ASSIGNED (BNumber, DID) VALUES ('NJLAI1', '38');
INSERT INTO S24_S003_T6_BUS_ASSIGNED (BNumber, DID) VALUES ('VCKLIB', '38');
INSERT INTO S24_S003_T6_BUS_ASSIGNED (BNumber, DID) VALUES ('C27R42', '38');
INSERT INTO S24_S003_T6_BUS_ASSIGNED (BNumber, DID) VALUES ('TQK99R', '38');
INSERT INTO S24_S003_T6_BUS_ASSIGNED (BNumber, DID) VALUES ('3IEU1P', '38');
INSERT INTO S24_S003_T6_BUS_ASSIGNED (BNumber, DID) VALUES ('JVOD6S', '38');
INSERT INTO S24_S003_T6_BUS_ASSIGNED (BNumber, DID) VALUES ('2KAI6Q', '38');
INSERT INTO S24_S003_T6_BUS_ASSIGNED (BNumber, DID) VALUES ('BWXGRA', '38');
INSERT INTO S24_S003_T6_BUS_ASSIGNED (BNumber, DID) VALUES ('5JNG96', '38');
INSERT INTO S24_S003_T6_BUS_ASSIGNED (BNumber, DID) VALUES ('C11OW0', '38');
INSERT INTO S24_S003_T6_BUS_ASSIGNED (BNumber, DID) VALUES ('9V0BW1', '38');
INSERT INTO S24_S003_T6_BUS_ASSIGNED (BNumber, DID) VALUES ('HYPR4R', '38');
INSERT INTO S24_S003_T6_BUS_ASSIGNED (BNumber, DID) VALUES ('47RYVZ', '38');
INSERT INTO S24_S003_T6_BUS_ASSIGNED (BNumber, DID) VALUES ('WO11CP', '38');
INSERT INTO S24_S003_T6_BUS_ASSIGNED (BNumber, DID) VALUES ('IMAOG7', '38');
INSERT INTO S24_S003_T6_BUS_ASSIGNED (BNumber, DID) VALUES ('UPFHN1', '38');
INSERT INTO S24_S003_T6_BUS_ASSIGNED (BNumber, DID) VALUES ('Z847YG', '38');
INSERT INTO S24_S003_T6_BUS_ASSIGNED (BNumber, DID) VALUES ('97PSXB', '38');
INSERT INTO S24_S003_T6_BUS_ASSIGNED (BNumber, DID) VALUES ('SMSYBT', '38');
INSERT INTO S24_S003_T6_BUS_ASSIGNED (BNumber, DID) VALUES ('NF9A2J', '38');
INSERT INTO S24_S003_T6_BUS_ASSIGNED (BNumber, DID) VALUES ('EOF640', '38');
INSERT INTO S24_S003_T6_BUS_ASSIGNED (BNumber, DID) VALUES ('WZVHUZ', '38');
INSERT INTO S24_S003_T6_BUS_ASSIGNED (BNumber, DID) VALUES ('L0POOG', '38');
INSERT INTO S24_S003_T6_BUS_ASSIGNED (BNumber, DID) VALUES ('YY1SDK', '38');
INSERT INTO S24_S003_T6_BUS_ASSIGNED (BNumber, DID) VALUES ('0SWJIV', '38');
INSERT INTO S24_S003_T6_BUS_ASSIGNED (BNumber, DID) VALUES ('5O7VSL', '38');
INSERT INTO S24_S003_T6_BUS_ASSIGNED (BNumber, DID) VALUES ('FOVFCQ', '38');
INSERT INTO S24_S003_T6_BUS_ASSIGNED (BNumber, DID) VALUES ('ZDLL4C', '38');
INSERT INTO S24_S003_T6_BUS_ASSIGNED (BNumber, DID) VALUES ('6R4PHA', '38');
INSERT INTO S24_S003_T6_BUS_ASSIGNED (BNumber, DID) VALUES ('OYXJ3S', '38');
INSERT INTO S24_S003_T6_BUS_ASSIGNED (BNumber, DID) VALUES ('V5LCE6', '38');
INSERT INTO S24_S003_T6_BUS_ASSIGNED (BNumber, DID) VALUES ('QLCHJX', '38');
INSERT INTO S24_S003_T6_BUS_ASSIGNED (BNumber, DID) VALUES ('WPXGVM', '38');
INSERT INTO S24_S003_T6_BUS_ASSIGNED (BNumber, DID) VALUES ('QVWPR5', '38');
INSERT INTO S24_S003_T6_BUS_ASSIGNED (BNumber, DID) VALUES ('CJOQCC', '38');
INSERT INTO S24_S003_T6_BUS_ASSIGNED (BNumber, DID) VALUES ('1JC83Q', '38');
INSERT INTO S24_S003_T6_BUS_ASSIGNED (BNumber, DID) VALUES ('RF3S9K', '38');
INSERT INTO S24_S003_T6_BUS_ASSIGNED (BNumber, DID) VALUES ('250FSA', '38');
INSERT INTO S24_S003_T6_BUS_ASSIGNED (BNumber, DID) VALUES ('UMFTHD', '38');
INSERT INTO S24_S003_T6_BUS_ASSIGNED (BNumber, DID) VALUES ('N1JVHP', '10');
INSERT INTO S24_S003_T6_BUS_ASSIGNED (BNumber, DID) VALUES ('PJI6KW', '11');
INSERT INTO S24_S003_T6_BUS_ASSIGNED (BNumber, DID) VALUES ('P123L7', '12');
INSERT INTO S24_S003_T6_BUS_ASSIGNED (BNumber, DID) VALUES ('OZE7T5', '13');
INSERT INTO S24_S003_T6_BUS_ASSIGNED (BNumber, DID) VALUES ('EZBAP6', '14');
INSERT INTO S24_S003_T6_BUS_ASSIGNED (BNumber, DID) VALUES ('J95SYP', '15');
INSERT INTO S24_S003_T6_BUS_ASSIGNED (BNumber, DID) VALUES ('2CCPO2', '16');
INSERT INTO S24_S003_T6_BUS_ASSIGNED (BNumber, DID) VALUES ('IPUV4E', '16');
INSERT INTO S24_S003_T6_BUS_ASSIGNED (BNumber, DID) VALUES ('MSSETO', '18');
INSERT INTO S24_S003_T6_BUS_ASSIGNED (BNumber, DID) VALUES ('L6GLX2', '19');
INSERT INTO S24_S003_T6_BUS_ASSIGNED (BNumber, DID) VALUES ('0DOWEA', '20');
INSERT INTO S24_S003_T6_BUS_ASSIGNED (BNumber, DID) VALUES ('NJLAI1', '21');
INSERT INTO S24_S003_T6_BUS_ASSIGNED (BNumber, DID) VALUES ('VCKLIB', '22');
INSERT INTO S24_S003_T6_BUS_ASSIGNED (BNumber, DID) VALUES ('C27R42', '22');
INSERT INTO S24_S003_T6_BUS_ASSIGNED (BNumber, DID) VALUES ('TQK99R', '24');
INSERT INTO S24_S003_T6_BUS_ASSIGNED (BNumber, DID) VALUES ('3IEU1P', '25');
INSERT INTO S24_S003_T6_BUS_ASSIGNED (BNumber, DID) VALUES ('JVOD6S', '26');
INSERT INTO S24_S003_T6_BUS_ASSIGNED (BNumber, DID) VALUES ('2KAI6Q', '27');
INSERT INTO S24_S003_T6_BUS_ASSIGNED (BNumber, DID) VALUES ('BWXGRA', '28');
INSERT INTO S24_S003_T6_BUS_ASSIGNED (BNumber, DID) VALUES ('5JNG96', '29');
INSERT INTO S24_S003_T6_BUS_ASSIGNED (BNumber, DID) VALUES ('C11OW0', '30');
INSERT INTO S24_S003_T6_BUS_ASSIGNED (BNumber, DID) VALUES ('9V0BW1', '31');
INSERT INTO S24_S003_T6_BUS_ASSIGNED (BNumber, DID) VALUES ('HYPR4R', '32');
INSERT INTO S24_S003_T6_BUS_ASSIGNED (BNumber, DID) VALUES ('47RYVZ', '33');
INSERT INTO S24_S003_T6_BUS_ASSIGNED (BNumber, DID) VALUES ('WO11CP', '34');
INSERT INTO S24_S003_T6_BUS_ASSIGNED (BNumber, DID) VALUES ('IMAOG7', '35');
INSERT INTO S24_S003_T6_BUS_ASSIGNED (BNumber, DID) VALUES ('UPFHN1', '36');
INSERT INTO S24_S003_T6_BUS_ASSIGNED (BNumber, DID) VALUES ('Z847YG', '37');
INSERT INTO S24_S003_T6_BUS_ASSIGNED (BNumber, DID) VALUES ('97PSXB', '37');
INSERT INTO S24_S003_T6_BUS_ASSIGNED (BNumber, DID) VALUES ('SMSYBT', '39');
INSERT INTO S24_S003_T6_BUS_ASSIGNED (BNumber, DID) VALUES ('NF9A2J', '40');
INSERT INTO S24_S003_T6_BUS_ASSIGNED (BNumber, DID) VALUES ('EOF640', '41');
INSERT INTO S24_S003_T6_BUS_ASSIGNED (BNumber, DID) VALUES ('WZVHUZ', '42');
INSERT INTO S24_S003_T6_BUS_ASSIGNED (BNumber, DID) VALUES ('L0POOG', '43');
INSERT INTO S24_S003_T6_BUS_ASSIGNED (BNumber, DID) VALUES ('YY1SDK', '44');
INSERT INTO S24_S003_T6_BUS_ASSIGNED (BNumber, DID) VALUES ('0SWJIV', '11');
INSERT INTO S24_S003_T6_BUS_ASSIGNED (BNumber, DID) VALUES ('5O7VSL', '46');
INSERT INTO S24_S003_T6_BUS_ASSIGNED (BNumber, DID) VALUES ('FOVFCQ', '47');
INSERT INTO S24_S003_T6_BUS_ASSIGNED (BNumber, DID) VALUES ('ZDLL4C', '48');
INSERT INTO S24_S003_T6_BUS_ASSIGNED (BNumber, DID) VALUES ('6R4PHA', '49');
INSERT INTO S24_S003_T6_BUS_ASSIGNED (BNumber, DID) VALUES ('OYXJ3S', '50');
INSERT INTO S24_S003_T6_BUS_ASSIGNED (BNumber, DID) VALUES ('V5LCE6', '51');
INSERT INTO S24_S003_T6_BUS_ASSIGNED (BNumber, DID) VALUES ('QLCHJX', '52');
INSERT INTO S24_S003_T6_BUS_ASSIGNED (BNumber, DID) VALUES ('WPXGVM', '53');
INSERT INTO S24_S003_T6_BUS_ASSIGNED (BNumber, DID) VALUES ('QVWPR5', '54');
INSERT INTO S24_S003_T6_BUS_ASSIGNED (BNumber, DID) VALUES ('CJOQCC', '55');


-- DRIVER_PHONES
INSERT INTO S24_S003_T6_DRIVER_PHONE (DID, PHONE_NO) VALUES ('10', '777-123-4567');
INSERT INTO S24_S003_T6_DRIVER_PHONE (DID, PHONE_NO) VALUES ('11', '888-987-6543');
INSERT INTO S24_S003_T6_DRIVER_PHONE (DID, PHONE_NO) VALUES ('12', '999-555-5555');
INSERT INTO S24_S003_T6_DRIVER_PHONE (DID, PHONE_NO) VALUES ('13', '666-789-1234');
INSERT INTO S24_S003_T6_DRIVER_PHONE (DID, PHONE_NO) VALUES ('14', '444-321-0987');
INSERT INTO S24_S003_T6_DRIVER_PHONE (DID, PHONE_NO) VALUES ('15', '222-234-5678');
INSERT INTO S24_S003_T6_DRIVER_PHONE (DID, PHONE_NO) VALUES ('16', '555-876-5432');
INSERT INTO S24_S003_T6_DRIVER_PHONE (DID, PHONE_NO) VALUES ('17', '111-432-1098');
INSERT INTO S24_S003_T6_DRIVER_PHONE (DID, PHONE_NO) VALUES ('18', '888-654-3210');
INSERT INTO S24_S003_T6_DRIVER_PHONE (DID, PHONE_NO) VALUES ('19', '333-210-9876');
INSERT INTO S24_S003_T6_DRIVER_PHONE (DID, PHONE_NO) VALUES ('20', '777-456-7890');
INSERT INTO S24_S003_T6_DRIVER_PHONE (DID, PHONE_NO) VALUES ('21', '555-890-1234');
INSERT INTO S24_S003_T6_DRIVER_PHONE (DID, PHONE_NO) VALUES ('22', '444-678-9012');
INSERT INTO S24_S003_T6_DRIVER_PHONE (DID, PHONE_NO) VALUES ('23', '222-321-7890');
INSERT INTO S24_S003_T6_DRIVER_PHONE (DID, PHONE_NO) VALUES ('24', '666-987-0123');
INSERT INTO S24_S003_T6_DRIVER_PHONE (DID, PHONE_NO) VALUES ('25', '999-456-8901');
INSERT INTO S24_S003_T6_DRIVER_PHONE (DID, PHONE_NO) VALUES ('26', '111-789-2109');
INSERT INTO S24_S003_T6_DRIVER_PHONE (DID, PHONE_NO) VALUES ('27', '888-234-5678');
INSERT INTO S24_S003_T6_DRIVER_PHONE (DID, PHONE_NO) VALUES ('28', '555-123-8901');
INSERT INTO S24_S003_T6_DRIVER_PHONE (DID, PHONE_NO) VALUES ('29', '444-890-2345');
INSERT INTO S24_S003_T6_DRIVER_PHONE (DID, PHONE_NO) VALUES ('30', '222-678-9012');
INSERT INTO S24_S003_T6_DRIVER_PHONE (DID, PHONE_NO) VALUES ('31', '777-345-6789');
INSERT INTO S24_S003_T6_DRIVER_PHONE (DID, PHONE_NO) VALUES ('32', '333-901-2345');
INSERT INTO S24_S003_T6_DRIVER_PHONE (DID, PHONE_NO) VALUES ('33', '777-567-8901');
INSERT INTO S24_S003_T6_DRIVER_PHONE (DID, PHONE_NO) VALUES ('34', '444-210-5432');
INSERT INTO S24_S003_T6_DRIVER_PHONE (DID, PHONE_NO) VALUES ('35', '999-678-1234');
INSERT INTO S24_S003_T6_DRIVER_PHONE (DID, PHONE_NO) VALUES ('36', '111-890-4567');
INSERT INTO S24_S003_T6_DRIVER_PHONE (DID, PHONE_NO) VALUES ('37', '888-345-6789');
INSERT INTO S24_S003_T6_DRIVER_PHONE (DID, PHONE_NO) VALUES ('38', '666-012-3456');
INSERT INTO S24_S003_T6_DRIVER_PHONE (DID, PHONE_NO) VALUES ('39', '555-789-0123');
INSERT INTO S24_S003_T6_DRIVER_PHONE (DID, PHONE_NO) VALUES ('40', '222-234-5678');
INSERT INTO S24_S003_T6_DRIVER_PHONE (DID, PHONE_NO) VALUES ('41', '333-456-7890');
INSERT INTO S24_S003_T6_DRIVER_PHONE (DID, PHONE_NO) VALUES ('42', '444-678-9012');
INSERT INTO S24_S003_T6_DRIVER_PHONE (DID, PHONE_NO) VALUES ('43', '666-890-1234');
INSERT INTO S24_S003_T6_DRIVER_PHONE (DID, PHONE_NO) VALUES ('44', '888-123-4567');
INSERT INTO S24_S003_T6_DRIVER_PHONE (DID, PHONE_NO) VALUES ('45', '999-789-0123');
INSERT INTO S24_S003_T6_DRIVER_PHONE (DID, PHONE_NO) VALUES ('46', '111-234-5678');
INSERT INTO S24_S003_T6_DRIVER_PHONE (DID, PHONE_NO) VALUES ('47', '333-890-1234');
INSERT INTO S24_S003_T6_DRIVER_PHONE (DID, PHONE_NO) VALUES ('48', '555-456-7890');
INSERT INTO S24_S003_T6_DRIVER_PHONE (DID, PHONE_NO) VALUES ('49', '777-678-9012');
INSERT INTO S24_S003_T6_DRIVER_PHONE (DID, PHONE_NO) VALUES ('50', '222-123-4567');
INSERT INTO S24_S003_T6_DRIVER_PHONE (DID, PHONE_NO) VALUES ('51', '444-890-1234');
INSERT INTO S24_S003_T6_DRIVER_PHONE (DID, PHONE_NO) VALUES ('52', '666-456-7890');
INSERT INTO S24_S003_T6_DRIVER_PHONE (DID, PHONE_NO) VALUES ('53', '888-678-9012');
INSERT INTO S24_S003_T6_DRIVER_PHONE (DID, PHONE_NO) VALUES ('54', '111-123-4567');
INSERT INTO S24_S003_T6_DRIVER_PHONE (DID, PHONE_NO) VALUES ('55', '777-890-1234');
INSERT INTO S24_S003_T6_DRIVER_PHONE (DID, PHONE_NO) VALUES ('56', '999-456-7890');
INSERT INTO S24_S003_T6_DRIVER_PHONE (DID, PHONE_NO) VALUES ('57', '333-678-9012');
INSERT INTO S24_S003_T6_DRIVER_PHONE (DID, PHONE_NO) VALUES ('58', '555-123-4567');
INSERT INTO S24_S003_T6_DRIVER_PHONE (DID, PHONE_NO) VALUES ('59', '222-890-1234');



-- PASSENGER
INSERT INTO S24_S003_T6_PASSENGER (PID, Email, Name, Password, Username, City, Zip, Street, State, Apt_no, DOB) VALUES ('1', 'mary11@example.net', 'James Rhodes', 'Il206Wfrk', 'michael40', 'Warrenmouth', '45164', 'Craig Forges', 'AK', '212', '11/21/1946');
INSERT INTO S24_S003_T6_PASSENGER (PID, Email, Name, Password, Username, City, Zip, Street, State, Apt_no, DOB) VALUES ('2', 'johnstonjerry@example.com', 'Alexandra Johnson', 'T%5AEw4^Tk', 'gjoseph', 'West Christina', '45719', 'David Views', 'TX', '19934', '2/1/1988');
INSERT INTO S24_S003_T6_PASSENGER (PID, Email, Name, Password, Username, City, Zip, Street, State, Apt_no, DOB) VALUES ('3', 'deannahenderson@example.org', 'Kevin Valenzuela', '6OxT0dd4#5', 'cameron14', 'North Yvette', '3642', 'Griffith Haven', 'FM', '25704', '11/27/1972');
INSERT INTO S24_S003_T6_PASSENGER (PID, Email, Name, Password, Username, City, Zip, Street, State, Apt_no, DOB) VALUES ('4', 'karen31@example.org', 'Bryan Morgan', '(ZIv3xs%I5', 'ccummings', 'West Krististad', '68038', 'Cherry Center', 'DE', '32523', '6/27/1993');
INSERT INTO S24_S003_T6_PASSENGER (PID, Email, Name, Password, Username, City, Zip, Street, State, Apt_no, DOB) VALUES ('5', 'staylor@example.org', 'Alan Black', '*!*9BAs8E', 'vmiller', 'Jaredview', '90679', 'Gray Point', 'IL', '53641', '10/17/2005');
INSERT INTO S24_S003_T6_PASSENGER (PID, Email, Name, Password, Username, City, Zip, Street, State, Apt_no, DOB) VALUES ('6', 'williamscynthia@example.org', 'Susan Hunter', '%1@8#BBi(I', 'longjoshua', 'Port Monica', '54413', 'Timothy Ranch', 'TX', '977', '5/27/1955');
INSERT INTO S24_S003_T6_PASSENGER (PID, Email, Name, Password, Username, City, Zip, Street, State, Apt_no, DOB) VALUES ('7', 'sharonmccarty@example.org', 'Kim Freeman', 'bA(_k4PuA!', 'jallen', 'East Brookeland', '75744', 'Michelle Mountain', 'RI', '891', '9/7/1991');
INSERT INTO S24_S003_T6_PASSENGER (PID, Email, Name, Password, Username, City, Zip, Street, State, Apt_no, DOB) VALUES ('8', 'glewis@example.net', 'Megan Gutierrez', 'lJ^7EKybl@', 'mmiller', 'East Sarahland', '1825', 'Campbell Cove', 'WA', '844', '10/8/1982');
INSERT INTO S24_S003_T6_PASSENGER (PID, Email, Name, Password, Username, City, Zip, Street, State, Apt_no, DOB) VALUES ('9', 'james47@example.org', 'Cynthia Hall', '_3yDTTwGb!', 'amanda96', 'Chenborough', '1522', 'Short Views', 'PR', '291', '12/22/1959');
INSERT INTO S24_S003_T6_PASSENGER (PID, Email, Name, Password, Username, City, Zip, Street, State, Apt_no, DOB) VALUES ('10', 'mcgrathmason@example.org', 'Olivia White', '+@*7tEm)V^', 'qhays', 'Deborahstad', '86098', 'Erin Port', 'MA', '141', '10/9/1993');
INSERT INTO S24_S003_T6_PASSENGER (PID, Email, Name, Password, Username, City, Zip, Street, State, Apt_no, DOB) VALUES ('11', 'christian85@example.org', 'Oscar Phillips', 'C5KILYc%!T', 'darren35', 'South Kyle', '38826', 'Mary Spur', 'AR', '15706', '4/3/1933');
INSERT INTO S24_S003_T6_PASSENGER (PID, Email, Name, Password, Username, City, Zip, Street, State, Apt_no, DOB) VALUES ('12', 'gshelton@example.com', 'Samantha Lara', 'N@2UKhy+KJ', 'timothylee', 'East Elizabeth', '8899', 'Jill Neck', 'FL', '6076', '7/9/1936');
INSERT INTO S24_S003_T6_PASSENGER (PID, Email, Name, Password, Username, City, Zip, Street, State, Apt_no, DOB) VALUES ('13', 'erica65@example.com', 'Andrew Johnson', 'kc+(8HrH$5', 'pburton', 'New Sheilaton', '79309', 'Lindsey Coves', 'VT', '62528', '3/28/2005');
INSERT INTO S24_S003_T6_PASSENGER (PID, Email, Name, Password, Username, City, Zip, Street, State, Apt_no, DOB) VALUES ('14', 'drichardson@example.org', 'Michael Brown', 'UFQiVk+m@7', 'kiddbarbara', 'North Joshuaburgh', '27034', 'Kristin Field', 'AL', '109', '2/20/1950');
INSERT INTO S24_S003_T6_PASSENGER (PID, Email, Name, Password, Username, City, Zip, Street, State, Apt_no, DOB) VALUES ('15', 'estradabelinda@example.net', 'Adrian Thomas', '+Ckhv2Bsc!', 'courtney23', 'North Kellyfort', '48756', 'Short Tunnel', 'WI', '569', '12/24/1974');
INSERT INTO S24_S003_T6_PASSENGER (PID, Email, Name, Password, Username, City, Zip, Street, State, Apt_no, DOB) VALUES ('16', 'perryjennifer@example.net', 'Gregg Powell', 'TpH3H6lly#', 'wilsonshelby', 'Timothyport', '27002', 'Isaac Lakes', 'OH', '3538', '12/29/2001');
INSERT INTO S24_S003_T6_PASSENGER (PID, Email, Name, Password, Username, City, Zip, Street, State, Apt_no, DOB) VALUES ('17', 'alexandra22@example.org', 'Sheri Michael', 'S)53@WxLWa', 'stacy54', 'Davisstad', '49960', 'James Underpass', 'NM', '76950', '12/4/1976');
INSERT INTO S24_S003_T6_PASSENGER (PID, Email, Name, Password, Username, City, Zip, Street, State, Apt_no, DOB) VALUES ('18', 'ogallegos@example.net', 'Christopher Parrish', 'n9Yn5Qxp#c', 'desireereyes', 'New Abigail', '88896', 'Scott Crest', 'FM', '360', '6/13/2006');
INSERT INTO S24_S003_T6_PASSENGER (PID, Email, Name, Password, Username, City, Zip, Street, State, Apt_no, DOB) VALUES ('19', 'jonathanmahoney@example.net', 'Kurt Murray', 'Z#8Nho!ZAl', 'leonkimberly', 'Port Patrickburgh', '46333', 'Hernandez Locks', 'MD', '93598', '12/8/1937');
INSERT INTO S24_S003_T6_PASSENGER (PID, Email, Name, Password, Username, City, Zip, Street, State, Apt_no, DOB) VALUES ('20', 'jacksonjoseph@example.org', 'Erika Bradley', '8ry7VD%!Q)', 'burtonmatthew', 'Gonzalesfort', '64888', 'Kelly Hill', 'SC', '707', '2/7/1980');
INSERT INTO S24_S003_T6_PASSENGER (PID, Email, Name, Password, Username, City, Zip, Street, State, Apt_no, DOB) VALUES ('21', 'ericlewis@example.net', 'James Kemp', '1ytKefUo$R', 'thomas39', 'Staceyville', '47022', 'Terry Crossing', 'IA', '6252', '9/20/1937');
INSERT INTO S24_S003_T6_PASSENGER (PID, Email, Name, Password, Username, City, Zip, Street, State, Apt_no, DOB) VALUES ('22', 'paige63@example.com', 'Nancy Daniels', '%dL!7JXvc4', 'mfarley', 'West Brittany', '99875', 'Lamb Oval', 'GA', '7154', '1/2/1989');
INSERT INTO S24_S003_T6_PASSENGER (PID, Email, Name, Password, Username, City, Zip, Street, State, Apt_no, DOB) VALUES ('23', 'christopherwilliams@example.org', 'Melinda Shaffer', 'EP%8(wLs%Z', 'jeremysimpson', 'Millerville', '93747', 'Harper Lodge', 'NE', '790', '6/3/1988');
INSERT INTO S24_S003_T6_PASSENGER (PID, Email, Name, Password, Username, City, Zip, Street, State, Apt_no, DOB) VALUES ('24', 'jerrypotter@example.org', 'Deborah Wood', '$isXxqtXM4', 'brettmason', 'South Noahstad', '64574', 'Fisher Lake', 'WA', '2566', '1/18/1987');
INSERT INTO S24_S003_T6_PASSENGER (PID, Email, Name, Password, Username, City, Zip, Street, State, Apt_no, DOB) VALUES ('25', 'jasminekelly@example.com', 'Mark Bryan', 'u%$kY5Oi(!', 'dunlaptimothy', 'Timothymouth', '20510', 'Mcbride Plain', 'DE', '4227', '12/30/1954');
INSERT INTO S24_S003_T6_PASSENGER (PID, Email, Name, Password, Username, City, Zip, Street, State, Apt_no, DOB) VALUES ('26', 'barronholly@example.com', 'Sarah Greene', 'Gx$8uTFyEL', 'peterscorey', 'Shafferhaven', '78030', 'Spence Road', 'OK', '5463', '9/12/1962');
INSERT INTO S24_S003_T6_PASSENGER (PID, Email, Name, Password, Username, City, Zip, Street, State, Apt_no, DOB) VALUES ('27', 'jeffrey08@example.org', 'Lisa Carter', '#3iyi8Eds)', 'kimberlywright', 'Bethland', '35470', 'Brooks River', 'OR', '4233', '7/11/1997');
INSERT INTO S24_S003_T6_PASSENGER (PID, Email, Name, Password, Username, City, Zip, Street, State, Apt_no, DOB) VALUES ('28', 'paulpeterson@example.net', 'Susan Martinez', '@8+ZowSbqU', 'kevin50', 'Angelastad', '19733', 'Catherine Landing', 'OR', '324', '7/10/1960');
INSERT INTO S24_S003_T6_PASSENGER (PID, Email, Name, Password, Username, City, Zip, Street, State, Apt_no, DOB) VALUES ('29', 'rosekevin@example.com', 'Glenda Mendoza', 'M#8nGmYv*r', 'qbradley', 'East Daniel', '44934', 'Medina Mews', 'PW', '612', '8/15/2009');
INSERT INTO S24_S003_T6_PASSENGER (PID, Email, Name, Password, Username, City, Zip, Street, State, Apt_no, DOB) VALUES ('30', 'matthewjones@example.org', 'James Henson', '%9*7Y25CcQ', 'hchavez', 'Stevensonbury', '34979', 'James Square', 'HI', '64233', '8/3/1936');
INSERT INTO S24_S003_T6_PASSENGER (PID, Email, Name, Password, Username, City, Zip, Street, State, Apt_no, DOB) VALUES ('31', 'snguyen@example.net', 'George Wallace', 'kT+W1FYd^d', 'brianpotter', 'South Kristabury', '75397', 'Emma Mill', 'OR', '3661', '11/29/1972');
INSERT INTO S24_S003_T6_PASSENGER (PID, Email, Name, Password, Username, City, Zip, Street, State, Apt_no, DOB) VALUES ('32', 'wpatel@example.net', 'Eric Whitehead', '@F3#Ww7j)2', 'robert64', 'Port Susan', '44079', 'Martinez Mountains', 'AL', '516', '9/14/2001');
INSERT INTO S24_S003_T6_PASSENGER (PID, Email, Name, Password, Username, City, Zip, Street, State, Apt_no, DOB) VALUES ('33', 'carriejackson@example.net', 'Alexander Wagner', 'Rb^tI#)6^0', 'alexis53', 'Christensenton', '87060', 'Kerry Prairie', 'PA', '6551', '3/31/1996');
INSERT INTO S24_S003_T6_PASSENGER (PID, Email, Name, Password, Username, City, Zip, Street, State, Apt_no, DOB) VALUES ('34', 'aaronwatkins@example.org', 'Steven Brooks', 'MTv9HoPoE@', 'paulrojas', 'South Dianamouth', '76366', 'Brock Keys', 'OR', '83', '8/2/1950');
INSERT INTO S24_S003_T6_PASSENGER (PID, Email, Name, Password, Username, City, Zip, Street, State, Apt_no, DOB) VALUES ('35', 'wolfcasey@example.net', 'Linda Logan', 'NQ5YJsub*g', 'kristinarobinson', 'Odonnellberg', '51984', 'Green Mission', 'NM', '58105', '11/22/1998');
INSERT INTO S24_S003_T6_PASSENGER (PID, Email, Name, Password, Username, City, Zip, Street, State, Apt_no, DOB) VALUES ('36', 'ubowen@example.net', 'Melissa Hughes', 'nWY2ViD2', 'tiffanythompson', 'Mcmillanfort', '32948', 'Michael Plaza', 'IN', '325', '7/30/1984');
INSERT INTO S24_S003_T6_PASSENGER (PID, Email, Name, Password, Username, City, Zip, Street, State, Apt_no, DOB) VALUES ('37', 'juan61@example.org', 'Christine Hunter', 'edE8V*ex)^', 'fwilkins', 'Tinaberg', '6176', 'Jordan Spur', 'ME', '284', '5/3/1994');
INSERT INTO S24_S003_T6_PASSENGER (PID, Email, Name, Password, Username, City, Zip, Street, State, Apt_no, DOB) VALUES ('38', 'smccormick@example.com', 'Alexis Hopkins', '$sy(V93X_7', 'markstevens', 'Lake Garyview', '89923', 'Daniel Forges', 'TN', '913', '8/14/1993');
INSERT INTO S24_S003_T6_PASSENGER (PID, Email, Name, Password, Username, City, Zip, Street, State, Apt_no, DOB) VALUES ('39', 'brandonpratt@example.com', 'Alyssa Porter', '@*K$E7_mb2', 'mrivas', 'Stewartland', '7073', 'Samantha Springs', 'FL', '568', '2/12/1962');
INSERT INTO S24_S003_T6_PASSENGER (PID, Email, Name, Password, Username, City, Zip, Street, State, Apt_no, DOB) VALUES ('40', 'johnsonbrandon@example.org', 'Michelle Wright', ')Yt1DHimzN', 'joneshaley', 'Danielburgh', '80774', 'Leon Rue', 'NV', '50018', '2/11/1963');
INSERT INTO S24_S003_T6_PASSENGER (PID, Email, Name, Password, Username, City, Zip, Street, State, Apt_no, DOB) VALUES ('41', 'april55@example.org', 'Brian Moody Jr.', '3Q(p$XXr$#', 'kimjavier', 'North Toni', '27659', 'Denise Mall', 'MS', '9208', '6/16/1938');
INSERT INTO S24_S003_T6_PASSENGER (PID, Email, Name, Password, Username, City, Zip, Street, State, Apt_no, DOB) VALUES ('42', 'howardmichael@example.com', 'Stephen Bennett', '7#0lbIb6KC', 'jessicahunt', 'Hullstad', '51088', 'Fischer Pines', 'SD', '5034', '9/17/1949');
INSERT INTO S24_S003_T6_PASSENGER (PID, Email, Name, Password, Username, City, Zip, Street, State, Apt_no, DOB) VALUES ('43', 'jefferysherman@example.org', 'Sarah Palmer', 'sK%V1RKkws', 'jacoboconnell', 'East Johnport', '81393', 'Nelson Roads', 'MN', '515', '12/11/1947');
INSERT INTO S24_S003_T6_PASSENGER (PID, Email, Name, Password, Username, City, Zip, Street, State, Apt_no, DOB) VALUES ('44', 'xalvarez@example.net', 'Donald Barnes', 'kCPx6O9f2', 'frederick77', 'West Gregory', '74851', 'Danielle Ford', 'GA', '59971', '12/29/1945');
INSERT INTO S24_S003_T6_PASSENGER (PID, Email, Name, Password, Username, City, Zip, Street, State, Apt_no, DOB) VALUES ('45', 'stoutchristopher@example.net', 'Brian Montgomery', '_e_p5sVWT@', 'mcampbell', 'East Brittany', '60244', 'Amanda Parkway', 'WI', '742', '4/21/1937');
INSERT INTO S24_S003_T6_PASSENGER (PID, Email, Name, Password, Username, City, Zip, Street, State, Apt_no, DOB) VALUES ('46', 'alvaradojerry@example.net', 'Duane Patterson', 'd@o31LiVf*', 'laura58', 'West Justinberg', '11188', 'David Field', 'TN', '228', '4/17/1954');
INSERT INTO S24_S003_T6_PASSENGER (PID, Email, Name, Password, Username, City, Zip, Street, State, Apt_no, DOB) VALUES ('47', 'julierodriguez@example.com', 'Angela Henry', '0^8pgUep#p', 'albert75', 'Anthonyport', '25052', 'Evans Forges', 'AZ', '515', '6/4/1958');
INSERT INTO S24_S003_T6_PASSENGER (PID, Email, Name, Password, Username, City, Zip, Street, State, Apt_no, DOB) VALUES ('48', 'shelly99@example.org', 'Jesse Bryan', '%I%d+4NrdV', 'jason58', 'Parkview', '12722', 'Michael Street', 'SD', '9145', '7/21/1975');
INSERT INTO S24_S003_T6_PASSENGER (PID, Email, Name, Password, Username, City, Zip, Street, State, Apt_no, DOB) VALUES ('49', 'hharris@example.net', 'Jordan Peterson', 'dfFkB4Pi*Z', 'avilatodd', 'Collinsberg', '56276', 'Brown Islands', 'FL', '81885', '1/8/2005');
INSERT INTO S24_S003_T6_PASSENGER (PID, Email, Name, Password, Username, City, Zip, Street, State, Apt_no, DOB) VALUES ('50', 'leslie23@example.org', 'Dr. Karen Fritz DVM', 'c_kE1BkVnp', 'melissa97', 'Huntburgh', '95290', 'Gates Lock', 'PW', '1775', '4/15/2001');



-- PASSENGER_PHONES

INSERT INTO S24_S003_T6_PASSENGER_PHONE (PID, Phone_No) VALUES ('1', '777-123-4567');
INSERT INTO S24_S003_T6_PASSENGER_PHONE (PID, Phone_No) VALUES ('1', '888-987-6543');
INSERT INTO S24_S003_T6_PASSENGER_PHONE (PID, Phone_No) VALUES ('2', '999-555-5555');
INSERT INTO S24_S003_T6_PASSENGER_PHONE (PID, Phone_No) VALUES ('3', '666-789-1234');
INSERT INTO S24_S003_T6_PASSENGER_PHONE (PID, Phone_No) VALUES ('4', '444-321-0987');
INSERT INTO S24_S003_T6_PASSENGER_PHONE (PID, Phone_No) VALUES ('5', '222-234-5678');
INSERT INTO S24_S003_T6_PASSENGER_PHONE (PID, Phone_No) VALUES ('5', '555-876-5432');
INSERT INTO S24_S003_T6_PASSENGER_PHONE (PID, Phone_No) VALUES ('6', '111-432-1098');
INSERT INTO S24_S003_T6_PASSENGER_PHONE (PID, Phone_No) VALUES ('6', '888-654-3210');
INSERT INTO S24_S003_T6_PASSENGER_PHONE (PID, Phone_No) VALUES ('7', '333-210-9876');
INSERT INTO S24_S003_T6_PASSENGER_PHONE (PID, Phone_No) VALUES ('7', '777-456-7890');
INSERT INTO S24_S003_T6_PASSENGER_PHONE (PID, Phone_No) VALUES ('8', '555-890-1234');
INSERT INTO S24_S003_T6_PASSENGER_PHONE (PID, Phone_No) VALUES ('8', '444-678-9012');
INSERT INTO S24_S003_T6_PASSENGER_PHONE (PID, Phone_No) VALUES ('9', '222-321-7890');
INSERT INTO S24_S003_T6_PASSENGER_PHONE (PID, Phone_No) VALUES ('10', '666-987-0123');
INSERT INTO S24_S003_T6_PASSENGER_PHONE (PID, Phone_No) VALUES ('11', '999-456-8901');
INSERT INTO S24_S003_T6_PASSENGER_PHONE (PID, Phone_No) VALUES ('11', '111-789-2109');
INSERT INTO S24_S003_T6_PASSENGER_PHONE (PID, Phone_No) VALUES ('12', '888-234-5678');
INSERT INTO S24_S003_T6_PASSENGER_PHONE (PID, Phone_No) VALUES ('13', '555-123-8901');
INSERT INTO S24_S003_T6_PASSENGER_PHONE (PID, Phone_No) VALUES ('14', '444-890-2345');
INSERT INTO S24_S003_T6_PASSENGER_PHONE (PID, Phone_No) VALUES ('15', '222-678-9012');
INSERT INTO S24_S003_T6_PASSENGER_PHONE (PID, Phone_No) VALUES ('16', '777-345-6789');
INSERT INTO S24_S003_T6_PASSENGER_PHONE (PID, Phone_No) VALUES ('16', '333-901-2345');
INSERT INTO S24_S003_T6_PASSENGER_PHONE (PID, Phone_No) VALUES ('17', '777-567-8901');
INSERT INTO S24_S003_T6_PASSENGER_PHONE (PID, Phone_No) VALUES ('18', '444-210-5432');
INSERT INTO S24_S003_T6_PASSENGER_PHONE (PID, Phone_No) VALUES ('19', '999-678-1234');
INSERT INTO S24_S003_T6_PASSENGER_PHONE (PID, Phone_No) VALUES ('19', '111-890-4567');
INSERT INTO S24_S003_T6_PASSENGER_PHONE (PID, Phone_No) VALUES ('20', '888-345-6789');
INSERT INTO S24_S003_T6_PASSENGER_PHONE (PID, Phone_No) VALUES ('21', '666-012-3456');
INSERT INTO S24_S003_T6_PASSENGER_PHONE (PID, Phone_No) VALUES ('21', '555-789-0123');
INSERT INTO S24_S003_T6_PASSENGER_PHONE (PID, Phone_No) VALUES ('22', '222-234-5678');
INSERT INTO S24_S003_T6_PASSENGER_PHONE (PID, Phone_No) VALUES ('23', '333-456-7890');
INSERT INTO S24_S003_T6_PASSENGER_PHONE (PID, Phone_No) VALUES ('24', '444-678-9012');
INSERT INTO S24_S003_T6_PASSENGER_PHONE (PID, Phone_No) VALUES ('25', '666-890-1234');
INSERT INTO S24_S003_T6_PASSENGER_PHONE (PID, Phone_No) VALUES ('26', '888-123-4567');
INSERT INTO S24_S003_T6_PASSENGER_PHONE (PID, Phone_No) VALUES ('27', '999-789-0123');
INSERT INTO S24_S003_T6_PASSENGER_PHONE (PID, Phone_No) VALUES ('28', '111-234-5678');
INSERT INTO S24_S003_T6_PASSENGER_PHONE (PID, Phone_No) VALUES ('28', '333-890-1234');
INSERT INTO S24_S003_T6_PASSENGER_PHONE (PID, Phone_No) VALUES ('29', '555-456-7890');
INSERT INTO S24_S003_T6_PASSENGER_PHONE (PID, Phone_No) VALUES ('29', '777-678-9012');
INSERT INTO S24_S003_T6_PASSENGER_PHONE (PID, Phone_No) VALUES ('30', '222-123-4567');
INSERT INTO S24_S003_T6_PASSENGER_PHONE (PID, Phone_No) VALUES ('31', '444-890-1234');
INSERT INTO S24_S003_T6_PASSENGER_PHONE (PID, Phone_No) VALUES ('31', '666-456-7890');
INSERT INTO S24_S003_T6_PASSENGER_PHONE (PID, Phone_No) VALUES ('32', '888-678-9012');
INSERT INTO S24_S003_T6_PASSENGER_PHONE (PID, Phone_No) VALUES ('33', '111-123-4567');
INSERT INTO S24_S003_T6_PASSENGER_PHONE (PID, Phone_No) VALUES ('34', '777-890-1234');
INSERT INTO S24_S003_T6_PASSENGER_PHONE (PID, Phone_No) VALUES ('34', '999-456-7890');
INSERT INTO S24_S003_T6_PASSENGER_PHONE (PID, Phone_No) VALUES ('35', '333-678-9012');
INSERT INTO S24_S003_T6_PASSENGER_PHONE (PID, Phone_No) VALUES ('36', '555-123-4567');
INSERT INTO S24_S003_T6_PASSENGER_PHONE (PID, Phone_No) VALUES ('36', '222-890-1234');
INSERT INTO S24_S003_T6_PASSENGER_PHONE (PID, Phone_No) VALUES ('37', '222-890-1235');
INSERT INTO S24_S003_T6_PASSENGER_PHONE (PID, Phone_No) VALUES ('38', '222-890-1236');
INSERT INTO S24_S003_T6_PASSENGER_PHONE (PID, Phone_No) VALUES ('38', '222-890-1237');
INSERT INTO S24_S003_T6_PASSENGER_PHONE (PID, Phone_No) VALUES ('39', '222-890-1238');
INSERT INTO S24_S003_T6_PASSENGER_PHONE (PID, Phone_No) VALUES ('40', '222-890-1239');
INSERT INTO S24_S003_T6_PASSENGER_PHONE (PID, Phone_No) VALUES ('41', '222-890-1240');
INSERT INTO S24_S003_T6_PASSENGER_PHONE (PID, Phone_No) VALUES ('41', '222-890-1241');
INSERT INTO S24_S003_T6_PASSENGER_PHONE (PID, Phone_No) VALUES ('42', '222-890-1242');
INSERT INTO S24_S003_T6_PASSENGER_PHONE (PID, Phone_No) VALUES ('42', '222-890-1243');
INSERT INTO S24_S003_T6_PASSENGER_PHONE (PID, Phone_No) VALUES ('43', '222-890-1244');
INSERT INTO S24_S003_T6_PASSENGER_PHONE (PID, Phone_No) VALUES ('43', '222-890-1245');
INSERT INTO S24_S003_T6_PASSENGER_PHONE (PID, Phone_No) VALUES ('44', '222-890-1246');
INSERT INTO S24_S003_T6_PASSENGER_PHONE (PID, Phone_No) VALUES ('44', '222-890-1247');
INSERT INTO S24_S003_T6_PASSENGER_PHONE (PID, Phone_No) VALUES ('45', '222-890-1248');
INSERT INTO S24_S003_T6_PASSENGER_PHONE (PID, Phone_No) VALUES ('45', '222-890-1249');
INSERT INTO S24_S003_T6_PASSENGER_PHONE (PID, Phone_No) VALUES ('46', '222-890-1250');
INSERT INTO S24_S003_T6_PASSENGER_PHONE (PID, Phone_No) VALUES ('46', '222-890-1251');
INSERT INTO S24_S003_T6_PASSENGER_PHONE (PID, Phone_No) VALUES ('47', '222-890-1252');
INSERT INTO S24_S003_T6_PASSENGER_PHONE (PID, Phone_No) VALUES ('48', '222-890-1253');
INSERT INTO S24_S003_T6_PASSENGER_PHONE (PID, Phone_No) VALUES ('48', '222-890-1254');
INSERT INTO S24_S003_T6_PASSENGER_PHONE (PID, Phone_No) VALUES ('49', '222-890-1255');
INSERT INTO S24_S003_T6_PASSENGER_PHONE (PID, Phone_No) VALUES ('49', '222-890-1256');
INSERT INTO S24_S003_T6_PASSENGER_PHONE (PID, Phone_No) VALUES ('50', '222-890-1257');

--TICKETS
INSERT INTO S24_S003_T6_TICKET (TID, TDate, Price, TTime, PID, BDate, BTime, No_of_seats, BNumber, RID) VALUES ('10748',TO_DATE( '27/3/2024','DD/MM/YYYY'), '10.2', '21:36:04', '1',TO_DATE( '4/1/2024','DD/MM/YYYY'), '5:06:10', '1', 'RF3S9K', '401');
INSERT INTO S24_S003_T6_TICKET (TID, TDate, Price, TTime, PID, BDate, BTime, No_of_seats, BNumber, RID) VALUES ('10749',TO_DATE( '27/3/2024','DD/MM/YYYY'), '10.2', '21:36:04', '2',TO_DATE( '4/1/2024','DD/MM/YYYY'), '6:06:10', '1', 'RF3S9K', '401');
INSERT INTO S24_S003_T6_TICKET (TID, TDate, Price, TTime, PID, BDate, BTime, No_of_seats, BNumber, RID) VALUES ('10750',TO_DATE( '27/3/2024','DD/MM/YYYY'), '10.2', '21:36:04', '3',TO_DATE( '4/1/2024','DD/MM/YYYY'), '7:06:10', '1', 'RF3S9K', '401');
INSERT INTO S24_S003_T6_TICKET (TID, TDate, Price, TTime, PID, BDate, BTime, No_of_seats, BNumber, RID) VALUES ('10751',TO_DATE( '27/3/2024','DD/MM/YYYY'), '10.2', '21:36:04', '4',TO_DATE( '4/1/2024','DD/MM/YYYY'), '8:06:10', '1', 'RF3S9K', '401');
INSERT INTO S24_S003_T6_TICKET (TID, TDate, Price, TTime, PID, BDate, BTime, No_of_seats, BNumber, RID) VALUES ('10752',TO_DATE( '27/3/2024','DD/MM/YYYY'), '10.2', '21:36:04', '5',TO_DATE( '4/1/2024','DD/MM/YYYY'), '9:06:10', '1', 'RF3S9K', '401');
INSERT INTO S24_S003_T6_TICKET (TID, TDate, Price, TTime, PID, BDate, BTime, No_of_seats, BNumber, RID) VALUES ('10753',TO_DATE( '27/3/2024','DD/MM/YYYY'), '10.2', '21:36:04', '6',TO_DATE( '4/1/2024','DD/MM/YYYY'), '10:06:10', '1', 'RF3S9K', '401');
INSERT INTO S24_S003_T6_TICKET (TID, TDate, Price, TTime, PID, BDate, BTime, No_of_seats, BNumber, RID) VALUES ('10754',TO_DATE( '27/3/2024','DD/MM/YYYY'), '10.2', '21:36:04', '7',TO_DATE( '4/1/2024','DD/MM/YYYY'), '11:06:10', '1', 'RF3S9K', '401');
INSERT INTO S24_S003_T6_TICKET (TID, TDate, Price, TTime, PID, BDate, BTime, No_of_seats, BNumber, RID) VALUES ('10755',TO_DATE( '27/3/2024','DD/MM/YYYY'), '10.2', '21:36:04', '8',TO_DATE( '4/1/2024','DD/MM/YYYY'), '12:06:10', '1', 'RF3S9K', '401');
INSERT INTO S24_S003_T6_TICKET (TID, TDate, Price, TTime, PID, BDate, BTime, No_of_seats, BNumber, RID) VALUES ('10756',TO_DATE( '27/3/2024','DD/MM/YYYY'), '10.2', '21:36:04', '9',TO_DATE( '4/1/2024','DD/MM/YYYY'), '13:06:10', '1', 'RF3S9K', '401');
INSERT INTO S24_S003_T6_TICKET (TID, TDate, Price, TTime, PID, BDate, BTime, No_of_seats, BNumber, RID) VALUES ('10757',TO_DATE( '27/3/2024','DD/MM/YYYY'), '10.2', '21:36:04', '10',TO_DATE( '4/1/2024','DD/MM/YYYY'), '14:06:10', '1', 'RF3S9K', '401');
INSERT INTO S24_S003_T6_TICKET (TID, TDate, Price, TTime, PID, BDate, BTime, No_of_seats, BNumber, RID) VALUES ('10758',TO_DATE( '27/3/2024','DD/MM/YYYY'), '10.2', '21:36:04', '11',TO_DATE( '19/2/2024','DD/MM/YYYY'), '15:06:10', '1', 'RF3S9K', '401');
INSERT INTO S24_S003_T6_TICKET (TID, TDate, Price, TTime, PID, BDate, BTime, No_of_seats, BNumber, RID) VALUES ('10759',TO_DATE( '27/3/2024','DD/MM/YYYY'), '10.2', '21:36:04', '12',TO_DATE( '19/2/2024','DD/MM/YYYY'), '16:06:10', '1', 'RF3S9K', '401');
INSERT INTO S24_S003_T6_TICKET (TID, TDate, Price, TTime, PID, BDate, BTime, No_of_seats, BNumber, RID) VALUES ('10760',TO_DATE( '27/3/2024','DD/MM/YYYY'), '10.2', '21:36:04', '13',TO_DATE( '19/2/2024','DD/MM/YYYY'), '17:06:10', '1', 'RF3S9K', '401');
INSERT INTO S24_S003_T6_TICKET (TID, TDate, Price, TTime, PID, BDate, BTime, No_of_seats, BNumber, RID) VALUES ('10761',TO_DATE( '27/3/2024','DD/MM/YYYY'), '10.2', '21:36:04', '14',TO_DATE( '19/2/2024','DD/MM/YYYY'), '18:06:10', '1', 'RF3S9K', '401');
INSERT INTO S24_S003_T6_TICKET (TID, TDate, Price, TTime, PID, BDate, BTime, No_of_seats, BNumber, RID) VALUES ('10762',TO_DATE( '27/3/2024','DD/MM/YYYY'), '10.2', '21:36:04', '15',TO_DATE( '19/2/2024','DD/MM/YYYY'), '19:06:10', '1', 'RF3S9K', '401');
INSERT INTO S24_S003_T6_TICKET (TID, TDate, Price, TTime, PID, BDate, BTime, No_of_seats, BNumber, RID) VALUES ('10763',TO_DATE( '27/3/2024','DD/MM/YYYY'), '10.2', '21:36:04', '16',TO_DATE( '19/2/2024','DD/MM/YYYY'), '20:06:10', '1', 'RF3S9K', '401');
INSERT INTO S24_S003_T6_TICKET (TID, TDate, Price, TTime, PID, BDate, BTime, No_of_seats, BNumber, RID) VALUES ('10764',TO_DATE( '27/3/2024','DD/MM/YYYY'), '10.2', '21:36:04', '17',TO_DATE( '19/2/2024','DD/MM/YYYY'), '21:06:10', '1', 'RF3S9K', '401');
INSERT INTO S24_S003_T6_TICKET (TID, TDate, Price, TTime, PID, BDate, BTime, No_of_seats, BNumber, RID) VALUES ('10765',TO_DATE( '27/3/2024','DD/MM/YYYY'), '10.2', '21:36:04', '18',TO_DATE( '19/2/2024','DD/MM/YYYY'), '22:06:10', '1', 'RF3S9K', '401');
INSERT INTO S24_S003_T6_TICKET (TID, TDate, Price, TTime, PID, BDate, BTime, No_of_seats, BNumber, RID) VALUES ('10766',TO_DATE( '27/3/2024','DD/MM/YYYY'), '10.2', '21:36:04', '19',TO_DATE( '19/2/2024','DD/MM/YYYY'), '23:06:10', '1', 'RF3S9K', '401');
INSERT INTO S24_S003_T6_TICKET (TID, TDate, Price, TTime, PID, BDate, BTime, No_of_seats, BNumber, RID) VALUES ('10767',TO_DATE( '27/3/2024','DD/MM/YYYY'), '10.2', '21:36:04', '20',TO_DATE( '19/2/2024','DD/MM/YYYY'), '0:06:10', '1', 'RF3S9K', '401');
INSERT INTO S24_S003_T6_TICKET (TID, TDate, Price, TTime, PID, BDate, BTime, No_of_seats, BNumber, RID) VALUES ('10768',TO_DATE( '27/3/2024','DD/MM/YYYY'), '10.2', '21:36:04', '21',TO_DATE( '19/2/2024','DD/MM/YYYY'), '1:06:10', '1', 'RF3S9K', '401');
INSERT INTO S24_S003_T6_TICKET (TID, TDate, Price, TTime, PID, BDate, BTime, No_of_seats, BNumber, RID) VALUES ('10769',TO_DATE( '27/3/2024','DD/MM/YYYY'), '10.2', '21:36:04', '22',TO_DATE( '19/2/2024','DD/MM/YYYY'), '2:06:10', '1', 'RF3S9K', '401');
INSERT INTO S24_S003_T6_TICKET (TID, TDate, Price, TTime, PID, BDate, BTime, No_of_seats, BNumber, RID) VALUES ('10770',TO_DATE( '27/3/2024','DD/MM/YYYY'), '10.2', '21:36:04', '23',TO_DATE( '19/2/2024','DD/MM/YYYY'), '3:06:10', '1', 'RF3S9K', '401');
INSERT INTO S24_S003_T6_TICKET (TID, TDate, Price, TTime, PID, BDate, BTime, No_of_seats, BNumber, RID) VALUES ('10771',TO_DATE( '27/3/2024','DD/MM/YYYY'), '10.2', '21:36:04', '24',TO_DATE( '19/2/2024','DD/MM/YYYY'), '4:06:10', '1', 'RF3S9K', '401');
INSERT INTO S24_S003_T6_TICKET (TID, TDate, Price, TTime, PID, BDate, BTime, No_of_seats, BNumber, RID) VALUES ('10772',TO_DATE( '27/3/2024','DD/MM/YYYY'), '10.2', '21:36:04', '25',TO_DATE( '19/2/2024','DD/MM/YYYY'), '5:06:10', '1', 'RF3S9K', '401');
INSERT INTO S24_S003_T6_TICKET (TID, TDate, Price, TTime, PID, BDate, BTime, No_of_seats, BNumber, RID) VALUES ('10773',TO_DATE( '27/3/2024','DD/MM/YYYY'), '10.2', '21:36:04', '26',TO_DATE( '5/2/2024','DD/MM/YYYY'), '6:06:10', '1', 'RF3S9K', '401');
INSERT INTO S24_S003_T6_TICKET (TID, TDate, Price, TTime, PID, BDate, BTime, No_of_seats, BNumber, RID) VALUES ('10774',TO_DATE( '27/3/2024','DD/MM/YYYY'), '10.2', '21:36:04', '27',TO_DATE( '5/3/2024','DD/MM/YYYY'), '7:06:10', '1', 'RF3S9K', '401');
INSERT INTO S24_S003_T6_TICKET (TID, TDate, Price, TTime, PID, BDate, BTime, No_of_seats, BNumber, RID) VALUES ('10775',TO_DATE( '27/3/2024','DD/MM/YYYY'), '10.2', '21:36:04', '28',TO_DATE( '5/1/2024','DD/MM/YYYY'), '8:06:10', '1', 'RF3S9K', '401');
INSERT INTO S24_S003_T6_TICKET (TID, TDate, Price, TTime, PID, BDate, BTime, No_of_seats, BNumber, RID) VALUES ('10776',TO_DATE( '27/3/2024','DD/MM/YYYY'), '10.2', '21:36:04', '29',TO_DATE( '5/1/2024','DD/MM/YYYY'), '9:06:10', '1', 'RF3S9K', '401');
INSERT INTO S24_S003_T6_TICKET (TID, TDate, Price, TTime, PID, BDate, BTime, No_of_seats, BNumber, RID) VALUES ('10777',TO_DATE( '27/3/2024','DD/MM/YYYY'), '10.2', '21:36:04', '30',TO_DATE( '5/1/2024','DD/MM/YYYY'), '10:06:10', '1', 'RF3S9K', '401');
INSERT INTO S24_S003_T6_TICKET (TID, TDate, Price, TTime, PID, BDate, BTime, No_of_seats, BNumber, RID) VALUES ('10778',TO_DATE( '27/3/2024','DD/MM/YYYY'), '10.2', '21:36:04', '31',TO_DATE( '5/1/2024','DD/MM/YYYY'), '11:06:10', '1', 'RF3S9K', '401');
INSERT INTO S24_S003_T6_TICKET (TID, TDate, Price, TTime, PID, BDate, BTime, No_of_seats, BNumber, RID) VALUES ('10779',TO_DATE( '27/3/2024','DD/MM/YYYY'), '10.2', '21:36:04', '32',TO_DATE( '5/1/2024','DD/MM/YYYY'), '12:06:10', '1', 'RF3S9K', '401');
INSERT INTO S24_S003_T6_TICKET (TID, TDate, Price, TTime, PID, BDate, BTime, No_of_seats, BNumber, RID) VALUES ('10780',TO_DATE( '27/3/2024','DD/MM/YYYY'), '10.2', '21:36:04', '33',TO_DATE( '5/1/2024','DD/MM/YYYY'), '13:06:10', '1', 'RF3S9K', '401');
INSERT INTO S24_S003_T6_TICKET (TID, TDate, Price, TTime, PID, BDate, BTime, No_of_seats, BNumber, RID) VALUES ('10781',TO_DATE( '27/3/2024','DD/MM/YYYY'), '10.2', '21:36:04', '34',TO_DATE( '5/1/2024','DD/MM/YYYY'), '14:06:10', '1', 'RF3S9K', '401');
INSERT INTO S24_S003_T6_TICKET (TID, TDate, Price, TTime, PID, BDate, BTime, No_of_seats, BNumber, RID) VALUES ('10782',TO_DATE( '27/3/2024','DD/MM/YYYY'), '10.2', '21:36:04', '35',TO_DATE( '5/1/2024','DD/MM/YYYY'), '15:06:10', '1', 'RF3S9K', '401');
INSERT INTO S24_S003_T6_TICKET (TID, TDate, Price, TTime, PID, BDate, BTime, No_of_seats, BNumber, RID) VALUES ('10783',TO_DATE( '27/3/2024','DD/MM/YYYY'), '10.2', '21:36:04', '36',TO_DATE( '5/1/2024','DD/MM/YYYY'), '16:06:10', '1', 'RF3S9K', '401');
INSERT INTO S24_S003_T6_TICKET (TID, TDate, Price, TTime, PID, BDate, BTime, No_of_seats, BNumber, RID) VALUES ('10784',TO_DATE( '27/3/2024','DD/MM/YYYY'), '10.2', '21:36:04', '37',TO_DATE( '5/1/2024','DD/MM/YYYY'), '17:06:10', '1', 'RF3S9K', '401');
INSERT INTO S24_S003_T6_TICKET (TID, TDate, Price, TTime, PID, BDate, BTime, No_of_seats, BNumber, RID) VALUES ('10785',TO_DATE( '27/3/2024','DD/MM/YYYY'), '10.2', '21:36:04', '38',TO_DATE( '5/1/2024','DD/MM/YYYY'), '18:06:10', '1', 'RF3S9K', '401');
INSERT INTO S24_S003_T6_TICKET (TID, TDate, Price, TTime, PID, BDate, BTime, No_of_seats, BNumber, RID) VALUES ('10786',TO_DATE( '27/3/2024','DD/MM/YYYY'), '10.2', '21:36:04', '39',TO_DATE( '5/1/2024','DD/MM/YYYY'), '19:06:10', '1', 'RF3S9K', '401');
INSERT INTO S24_S003_T6_TICKET (TID, TDate, Price, TTime, PID, BDate, BTime, No_of_seats, BNumber, RID) VALUES ('10787',TO_DATE( '27/3/2024','DD/MM/YYYY'), '10.2', '21:36:04', '40',TO_DATE( '5/1/2024','DD/MM/YYYY'), '20:06:10', '1', 'RF3S9K', '401');
INSERT INTO S24_S003_T6_TICKET (TID, TDate, Price, TTime, PID, BDate, BTime, No_of_seats, BNumber, RID) VALUES ('14019',TO_DATE( '1/7/2024','DD/MM/YYYY'), '32.61', '9:38:07', '34',TO_DATE( '1/11/2024','DD/MM/YYYY'), '10:50:22', '1', '250FSA', '402');
INSERT INTO S24_S003_T6_TICKET (TID, TDate, Price, TTime, PID, BDate, BTime, No_of_seats, BNumber, RID) VALUES ('43926',TO_DATE( '3/12/2024','DD/MM/YYYY'), '18.37', '3:34:22', '38',TO_DATE( '1/11/2024','DD/MM/YYYY'), '8:12:09', '1', '0DOWEA', '403');
INSERT INTO S24_S003_T6_TICKET (TID, TDate, Price, TTime, PID, BDate, BTime, No_of_seats, BNumber, RID) VALUES ('59694',TO_DATE( '4/9/2024','DD/MM/YYYY'), '15.01', '12:17:02', '2',TO_DATE( '3/8/2024','DD/MM/YYYY'), '14:26:17', '1', 'V5LCE6', '404');
INSERT INTO S24_S003_T6_TICKET (TID, TDate, Price, TTime, PID, BDate, BTime, No_of_seats, BNumber, RID) VALUES ('68379',TO_DATE( '1/7/2024','DD/MM/YYYY'), '40.07', '12:45:51', '40',TO_DATE( '2/4/2024','DD/MM/YYYY'), '23:51:39', '1', '9V0BW1', '405');
INSERT INTO S24_S003_T6_TICKET (TID, TDate, Price, TTime, PID, BDate, BTime, No_of_seats, BNumber, RID) VALUES ('77171',TO_DATE( '2/3/2024','DD/MM/YYYY'), '20.93', '8:08:05', '41',TO_DATE( '2/2/2024','DD/MM/YYYY'), '19:41:43', '1', 'NJLAI1', '406');
INSERT INTO S24_S003_T6_TICKET (TID, TDate, Price, TTime, PID, BDate, BTime, No_of_seats, BNumber, RID) VALUES ('85284',TO_DATE( '2/10/2024','DD/MM/YYYY'), '43.67', '7:14:23', '8',TO_DATE( '2/10/2024','DD/MM/YYYY'), '21:49:15', '1', 'WPXGVM', '407');
INSERT INTO S24_S003_T6_TICKET (TID, TDate, Price, TTime, PID, BDate, BTime, No_of_seats, BNumber, RID) VALUES ('87892',TO_DATE( '3/2/2024','DD/MM/YYYY'), '17.94', '17:08:23', '30',TO_DATE( '1/2/2024','DD/MM/YYYY'), '8:28:29', '1', '2CCPO2', '408');
INSERT INTO S24_S003_T6_TICKET (TID, TDate, Price, TTime, PID, BDate, BTime, No_of_seats, BNumber, RID) VALUES ('102029',TO_DATE( '4/4/2024','DD/MM/YYYY'), '15.67', '0:10:24', '12',TO_DATE( '4/3/2024','DD/MM/YYYY'), '0:00:10', '1', 'PJI6KW', '409');
INSERT INTO S24_S003_T6_TICKET (TID, TDate, Price, TTime, PID, BDate, BTime, No_of_seats, BNumber, RID) VALUES ('103165',TO_DATE( '2/3/2024','DD/MM/YYYY'), '30.16', '17:02:19', '18',TO_DATE( '1/2/2024','DD/MM/YYYY'), '0:23:25', '1', 'CJOQCC', '410');
INSERT INTO S24_S003_T6_TICKET (TID, TDate, Price, TTime, PID, BDate, BTime, No_of_seats, BNumber, RID) VALUES ('184510',TO_DATE( '2/12/2024','DD/MM/YYYY'), '24.52', '20:02:50', '11',TO_DATE( '2/11/2024','DD/MM/YYYY'), '9:37:28', '1', 'UPFHN1', '411');
INSERT INTO S24_S003_T6_TICKET (TID, TDate, Price, TTime, PID, BDate, BTime, No_of_seats, BNumber, RID) VALUES ('221949',TO_DATE( '2/6/2024','DD/MM/YYYY'), '16.67', '13:06:26', '14',TO_DATE( '3/4/2024','DD/MM/YYYY'), '11:23:03', '1', '97PSXB', '412');
INSERT INTO S24_S003_T6_TICKET (TID, TDate, Price, TTime, PID, BDate, BTime, No_of_seats, BNumber, RID) VALUES ('248524',TO_DATE( '2/7/2024','DD/MM/YYYY'), '30.78', '0:03:42', '5',TO_DATE( '3/6/2024','DD/MM/YYYY'), '22:52:33', '1', 'TQK99R', '401');
INSERT INTO S24_S003_T6_TICKET (TID, TDate, Price, TTime, PID, BDate, BTime, No_of_seats, BNumber, RID) VALUES ('261104',TO_DATE( '1/8/2024','DD/MM/YYYY'), '36.55', '22:59:38', '1',TO_DATE( '2/5/2024','DD/MM/YYYY'), '19:35:50', '1', '5O7VSL', '402');
INSERT INTO S24_S003_T6_TICKET (TID, TDate, Price, TTime, PID, BDate, BTime, No_of_seats, BNumber, RID) VALUES ('303932',TO_DATE( '2/9/2024','DD/MM/YYYY'), '31.18', '20:09:46', '4',TO_DATE( '4/5/2024','DD/MM/YYYY'), '7:47:40', '1', 'WO11CP', '403');
INSERT INTO S24_S003_T6_TICKET (TID, TDate, Price, TTime, PID, BDate, BTime, No_of_seats, BNumber, RID) VALUES ('317804',TO_DATE( '1/10/2024','DD/MM/YYYY'), '34.22', '5:39:33', '29',TO_DATE( '2/9/2024','DD/MM/YYYY'), '6:58:38', '1', 'EOF640', '404');
INSERT INTO S24_S003_T6_TICKET (TID, TDate, Price, TTime, PID, BDate, BTime, No_of_seats, BNumber, RID) VALUES ('329482',TO_DATE( '3/7/2024','DD/MM/YYYY'), '31.49', '16:16:54', '3',TO_DATE( '1/7/2024','DD/MM/YYYY'), '8:55:38', '1', 'FOVFCQ', '405');
INSERT INTO S24_S003_T6_TICKET (TID, TDate, Price, TTime, PID, BDate, BTime, No_of_seats, BNumber, RID) VALUES ('381932',TO_DATE( '2/8/2024','DD/MM/YYYY'), '43.46', '10:15:09', '47',TO_DATE( '1/7/2024','DD/MM/YYYY'), '7:54:24', '1', 'UMFTHD', '406');
INSERT INTO S24_S003_T6_TICKET (TID, TDate, Price, TTime, PID, BDate, BTime, No_of_seats, BNumber, RID) VALUES ('398453',TO_DATE( '1/11/2024','DD/MM/YYYY'), '19.42', '16:03:56', '31',TO_DATE( '3/8/2024','DD/MM/YYYY'), '21:51:51', '1', 'IPUV4E', '407');
INSERT INTO S24_S003_T6_TICKET (TID, TDate, Price, TTime, PID, BDate, BTime, No_of_seats, BNumber, RID) VALUES ('417054',TO_DATE( '4/7/2024','DD/MM/YYYY'), '12.12', '2:36:35', '20',TO_DATE( '3/3/2024','DD/MM/YYYY'), '16:10:35', '1', '1JC83Q', '408');
INSERT INTO S24_S003_T6_TICKET (TID, TDate, Price, TTime, PID, BDate, BTime, No_of_seats, BNumber, RID) VALUES ('430849',TO_DATE( '2/12/2024','DD/MM/YYYY'), '32.34', '21:03:15', '32',TO_DATE( '1/12/2024','DD/MM/YYYY'), '23:08:26', '1', 'MSSETO', '409');
INSERT INTO S24_S003_T6_TICKET (TID, TDate, Price, TTime, PID, BDate, BTime, No_of_seats, BNumber, RID) VALUES ('437793',TO_DATE( '12/1/2024','DD/MM/YYYY'), '46.56', '10:33:52', '49',TO_DATE( '1/1/2024','DD/MM/YYYY'), '18:53:47', '1', 'C27R42', '410');
INSERT INTO S24_S003_T6_TICKET (TID, TDate, Price, TTime, PID, BDate, BTime, No_of_seats, BNumber, RID) VALUES ('470639',TO_DATE( '1/2/2024','DD/MM/YYYY'), '35.12', '11:25:27', '19',TO_DATE( '3/1/2024','DD/MM/YYYY'), '22:12:21', '1', 'ZDLL4C', '411');
INSERT INTO S24_S003_T6_TICKET (TID, TDate, Price, TTime, PID, BDate, BTime, No_of_seats, BNumber, RID) VALUES ('474285',TO_DATE( '1/9/2024','DD/MM/YYYY'), '40.02', '18:54:45', '24',TO_DATE( '3/8/2024','DD/MM/YYYY'), '19:02:25', '1', '2KAI6Q', '412');
INSERT INTO S24_S003_T6_TICKET (TID, TDate, Price, TTime, PID, BDate, BTime, No_of_seats, BNumber, RID) VALUES ('507383',TO_DATE( '4/7/2024','DD/MM/YYYY'), '38.61', '23:49:36', '26',TO_DATE( '1/6/2024','DD/MM/YYYY'), '16:51:27', '1', 'BWXGRA', '401');
INSERT INTO S24_S003_T6_TICKET (TID, TDate, Price, TTime, PID, BDate, BTime, No_of_seats, BNumber, RID) VALUES ('517511',TO_DATE( '1/10/2024','DD/MM/YYYY'), '48.41', '2:22:48', '6',TO_DATE( '3/9/2024','DD/MM/YYYY'), '8:11:45', '1', 'QLCHJX', '402');
INSERT INTO S24_S003_T6_TICKET (TID, TDate, Price, TTime, PID, BDate, BTime, No_of_seats, BNumber, RID) VALUES ('578686',TO_DATE( '1/3/2024','DD/MM/YYYY'), '38.09', '19:30:08', '23',TO_DATE( '1/2/2024','DD/MM/YYYY'), '1:56:41', '1', 'OZE7T5', '403');
INSERT INTO S24_S003_T6_TICKET (TID, TDate, Price, TTime, PID, BDate, BTime, No_of_seats, BNumber, RID) VALUES ('586963',TO_DATE( '2/6/2024','DD/MM/YYYY'), '38.91', '5:28:02', '44',TO_DATE( '1/2/2024','DD/MM/YYYY'), '3:17:50', '1', '47RYVZ', '404');
INSERT INTO S24_S003_T6_TICKET (TID, TDate, Price, TTime, PID, BDate, BTime, No_of_seats, BNumber, RID) VALUES ('666640',TO_DATE( '3/3/2024','DD/MM/YYYY'), '36.56', '11:14:49', '25',TO_DATE( '4/1/2024','DD/MM/YYYY'), '18:44:22', '1', 'EZBAP6', '405');
INSERT INTO S24_S003_T6_TICKET (TID, TDate, Price, TTime, PID, BDate, BTime, No_of_seats, BNumber, RID) VALUES ('673336',TO_DATE( '3/4/2024','DD/MM/YYYY'), '21.44', '2:16:39', '15',TO_DATE( '3/3/2024','DD/MM/YYYY'), '14:33:29', '1', 'SMSYBT', '406');
INSERT INTO S24_S003_T6_TICKET (TID, TDate, Price, TTime, PID, BDate, BTime, No_of_seats, BNumber, RID) VALUES ('683143',TO_DATE( '3/3/2024','DD/MM/YYYY'), '18.93', '5:22:45', '46',TO_DATE( '2/2/2024','DD/MM/YYYY'), '21:06:12', '1', 'VCKLIB', '407');
INSERT INTO S24_S003_T6_TICKET (TID, TDate, Price, TTime, PID, BDate, BTime, No_of_seats, BNumber, RID) VALUES ('685038',TO_DATE( '3/4/2024','DD/MM/YYYY'), '34.16', '18:18:57', '39',TO_DATE( '2/1/2024','DD/MM/YYYY'), '14:48:29', '1', 'C11OW0', '408');
INSERT INTO S24_S003_T6_TICKET (TID, TDate, Price, TTime, PID, BDate, BTime, No_of_seats, BNumber, RID) VALUES ('691049',TO_DATE( '1/12/2024','DD/MM/YYYY'), '14.99', '8:14:22', '28',TO_DATE( '1/11/2024','DD/MM/YYYY'), '20:59:59', '1', 'NF9A2J', '409');
INSERT INTO S24_S003_T6_TICKET (TID, TDate, Price, TTime, PID, BDate, BTime, No_of_seats, BNumber, RID) VALUES ('748386',TO_DATE( '1/6/2024','DD/MM/YYYY'), '43.16', '9:07:26', '50',TO_DATE( '4/5/2024','DD/MM/YYYY'), '18:32:07', '1', '0SWJIV', '410');
INSERT INTO S24_S003_T6_TICKET (TID, TDate, Price, TTime, PID, BDate, BTime, No_of_seats, BNumber, RID) VALUES ('751176',TO_DATE( '1/7/2024','DD/MM/YYYY'), '25.75', '8:14:39', '17',TO_DATE( '2/5/2024','DD/MM/YYYY'), '23:27:28', '1', 'QVWPR5', '411');
INSERT INTO S24_S003_T6_TICKET (TID, TDate, Price, TTime, PID, BDate, BTime, No_of_seats, BNumber, RID) VALUES ('767777',TO_DATE( '3/12/2024','DD/MM/YYYY'), '28.94', '9:13:35', '22',TO_DATE( '3/11/2024','DD/MM/YYYY'), '7:22:22', '1', 'P123L7', '412');
INSERT INTO S24_S003_T6_TICKET (TID, TDate, Price, TTime, PID, BDate, BTime, No_of_seats, BNumber, RID) VALUES ('769165',TO_DATE( '1/8/2024','DD/MM/YYYY'), '21.35', '9:40:34', '43',TO_DATE( '4/7/2024','DD/MM/YYYY'), '0:46:20', '1', 'L0POOG', '401');
INSERT INTO S24_S003_T6_TICKET (TID, TDate, Price, TTime, PID, BDate, BTime, No_of_seats, BNumber, RID) VALUES ('780244',TO_DATE( '3/5/2024','DD/MM/YYYY'), '45.65', '14:35:37', '36',TO_DATE( '3/4/2024','DD/MM/YYYY'), '6:30:40', '1', 'L6GLX2', '402');
INSERT INTO S24_S003_T6_TICKET (TID, TDate, Price, TTime, PID, BDate, BTime, No_of_seats, BNumber, RID) VALUES ('781217',TO_DATE( '1/9/2024','DD/MM/YYYY'), '26.83', '0:24:29', '7',TO_DATE( '3/8/2024','DD/MM/YYYY'), '23:57:35', '1', 'IMAOG7', '403');
INSERT INTO S24_S003_T6_TICKET (TID, TDate, Price, TTime, PID, BDate, BTime, No_of_seats, BNumber, RID) VALUES ('795392',TO_DATE( '1/11/2024','DD/MM/YYYY'), '17.19', '7:55:42', '48',TO_DATE( '2/10/2024','DD/MM/YYYY'), '7:01:14', '1', 'OYXJ3S', '404');
INSERT INTO S24_S003_T6_TICKET (TID, TDate, Price, TTime, PID, BDate, BTime, No_of_seats, BNumber, RID) VALUES ('814463',TO_DATE( '3/10/2024','DD/MM/YYYY'), '49.16', '7:59:44', '9',TO_DATE( '3/8/2024','DD/MM/YYYY'), '10:55:55', '1', 'N1JVHP', '405');
INSERT INTO S24_S003_T6_TICKET (TID, TDate, Price, TTime, PID, BDate, BTime, No_of_seats, BNumber, RID) VALUES ('856915',TO_DATE( '3/1/2024','DD/MM/YYYY'), '28.65', '21:04:28', '10',TO_DATE( '2/1/2024','DD/MM/YYYY'), '3:11:19', '1', '3IEU1P', '406');
INSERT INTO S24_S003_T6_TICKET (TID, TDate, Price, TTime, PID, BDate, BTime, No_of_seats, BNumber, RID) VALUES ('867945',TO_DATE( '1/7/2024','DD/MM/YYYY'), '43.76', '9:49:41', '27',TO_DATE( '2/5/2024','DD/MM/YYYY'), '6:25:29', '1', 'J95SYP', '407');
INSERT INTO S24_S003_T6_TICKET (TID, TDate, Price, TTime, PID, BDate, BTime, No_of_seats, BNumber, RID) VALUES ('898457',TO_DATE( '1/10/2024','DD/MM/YYYY'), '29.77', '8:48:11', '13',TO_DATE( '2/5/2024','DD/MM/YYYY'), '2:27:17', '1', 'Z847YG', '408');
INSERT INTO S24_S003_T6_TICKET (TID, TDate, Price, TTime, PID, BDate, BTime, No_of_seats, BNumber, RID) VALUES ('899633',TO_DATE( '1/10/2024','DD/MM/YYYY'), '28.65', '17:59:09', '35',TO_DATE( '2/7/2024','DD/MM/YYYY'), '17:09:30', '1', '5JNG96', '409');
INSERT INTO S24_S003_T6_TICKET (TID, TDate, Price, TTime, PID, BDate, BTime, No_of_seats, BNumber, RID) VALUES ('907345',TO_DATE( '3/6/2024','DD/MM/YYYY'), '45.16', '14:57:35', '16',TO_DATE( '3/5/2024','DD/MM/YYYY'), '8:57:43', '1', 'JVOD6S', '410');
INSERT INTO S24_S003_T6_TICKET (TID, TDate, Price, TTime, PID, BDate, BTime, No_of_seats, BNumber, RID) VALUES ('930189',TO_DATE( '3/6/2024','DD/MM/YYYY'), '36.78', '22:35:26', '45',TO_DATE( '3/5/2024','DD/MM/YYYY'), '21:28:55', '1', 'YY1SDK', '411');
INSERT INTO S24_S003_T6_TICKET (TID, TDate, Price, TTime, PID, BDate, BTime, No_of_seats, BNumber, RID) VALUES ('939308',TO_DATE( '3/7/2024','DD/MM/YYYY'), '23.45', '13:51:09', '33',TO_DATE( '1/6/2024','DD/MM/YYYY'), '14:02:03', '1', '6R4PHA', '412');
INSERT INTO S24_S003_T6_TICKET (TID, TDate, Price, TTime, PID, BDate, BTime, No_of_seats, BNumber, RID) VALUES ('943350',TO_DATE( '1/6/2024','DD/MM/YYYY'), '43.48', '0:48:09', '42',TO_DATE( '1/5/2024','DD/MM/YYYY'), '14:22:16', '1', 'HYPR4R', '401');
INSERT INTO S24_S003_T6_TICKET (TID, TDate, Price, TTime, PID, BDate, BTime, No_of_seats, BNumber, RID) VALUES ('986636',TO_DATE( '3/7/2024','DD/MM/YYYY'), '14.51', '18:38:19', '37',TO_DATE( '3/6/2024','DD/MM/YYYY'), '13:49:02', '1', 'WZVHUZ', '402');
INSERT INTO S24_S003_T6_TICKET (TID, TDate, Price, TTime, PID, BDate, BTime, No_of_seats, BNumber, RID) VALUES ('986637',TO_DATE( '3/8/2024','DD/MM/YYYY'), '15.51', '2:16:39', '19',TO_DATE( '2/7/2024','DD/MM/YYYY'), '10:55:55', '1', 'SMSYBT', '403');
INSERT INTO S24_S003_T6_TICKET (TID, TDate, Price, TTime, PID, BDate, BTime, No_of_seats, BNumber, RID) VALUES ('986638',TO_DATE( '1/9/2024','DD/MM/YYYY'), '16.51', '5:22:45', '24',TO_DATE( '2/8/2024','DD/MM/YYYY'), '3:11:19', '1', 'VCKLIB', '404');
INSERT INTO S24_S003_T6_TICKET (TID, TDate, Price, TTime, PID, BDate, BTime, No_of_seats, BNumber, RID) VALUES ('986639',TO_DATE( '3/10/2024','DD/MM/YYYY'), '17.51', '18:18:57', '26',TO_DATE( '2/7/2024','DD/MM/YYYY'), '6:25:29', '1', 'C11OW0', '405');
INSERT INTO S24_S003_T6_TICKET (TID, TDate, Price, TTime, PID, BDate, BTime, No_of_seats, BNumber, RID) VALUES ('986640',TO_DATE( '1/11/2024','DD/MM/YYYY'), '18.51', '8:14:22', '6',TO_DATE( '3/9/2024','DD/MM/YYYY'), '2:27:17', '1', 'NF9A2J', '406');
INSERT INTO S24_S003_T6_TICKET (TID, TDate, Price, TTime, PID, BDate, BTime, No_of_seats, BNumber, RID) VALUES ('986641',TO_DATE( '1/12/2024','DD/MM/YYYY'), '19.51', '9:07:26', '23',TO_DATE( '3/7/2024','DD/MM/YYYY'), '17:09:30', '1', '0SWJIV', '407');
INSERT INTO S24_S003_T6_TICKET (TID, TDate, Price, TTime, PID, BDate, BTime, No_of_seats, BNumber, RID) VALUES ('986642',TO_DATE( '3/10/2024','DD/MM/YYYY'), '20.51', '8:14:39', '44',TO_DATE( '1/10/2024','DD/MM/YYYY'), '8:57:43', '1', 'QVWPR5', '408');
INSERT INTO S24_S003_T6_TICKET (TID, TDate, Price, TTime, PID, BDate, BTime, No_of_seats, BNumber, RID) VALUES ('986643',TO_DATE( '3/11/2024','DD/MM/YYYY'), '21.51', '9:13:35', '25',TO_DATE( '2/9/2024','DD/MM/YYYY'), '21:28:55', '1', 'P123L7', '409');
INSERT INTO S24_S003_T6_TICKET (TID, TDate, Price, TTime, PID, BDate, BTime, No_of_seats, BNumber, RID) VALUES ('68389',TO_DATE( '3/5/2024','DD/MM/YYYY'), '10.2', '21:36:04', '31',TO_DATE( '4/3/2024','DD/MM/YYYY'), '5:06:10', '1', '9V0BW1', '405');
INSERT INTO S24_S003_T6_TICKET (TID, TDate, Price, TTime, PID, BDate, BTime, No_of_seats, BNumber, RID) VALUES ('68390',TO_DATE( '3/5/2024','DD/MM/YYYY'), '10.2', '21:36:04', '20',TO_DATE( '4/3/2024','DD/MM/YYYY'), '6:06:10', '1', '9V0BW1', '405');
INSERT INTO S24_S003_T6_TICKET (TID, TDate, Price, TTime, PID, BDate, BTime, No_of_seats, BNumber, RID) VALUES ('68391',TO_DATE( '3/5/2024','DD/MM/YYYY'), '10.2', '21:36:04', '32',TO_DATE( '4/3/2024','DD/MM/YYYY'), '7:06:10', '1', '9V0BW1', '405');
INSERT INTO S24_S003_T6_TICKET (TID, TDate, Price, TTime, PID, BDate, BTime, No_of_seats, BNumber, RID) VALUES ('68392',TO_DATE( '3/5/2024','DD/MM/YYYY'), '10.2', '21:36:04', '49',TO_DATE( '4/3/2024','DD/MM/YYYY'), '8:06:10', '1', '9V0BW1', '405');
INSERT INTO S24_S003_T6_TICKET (TID, TDate, Price, TTime, PID, BDate, BTime, No_of_seats, BNumber, RID) VALUES ('68393',TO_DATE( '3/5/2024','DD/MM/YYYY'), '10.2', '21:36:04', '19',TO_DATE( '4/3/2024','DD/MM/YYYY'), '9:06:10', '1', '9V0BW1', '405');
INSERT INTO S24_S003_T6_TICKET (TID, TDate, Price, TTime, PID, BDate, BTime, No_of_seats, BNumber, RID) VALUES ('68394',TO_DATE( '3/5/2024','DD/MM/YYYY'), '10.2', '21:36:04', '24',TO_DATE( '4/3/2024','DD/MM/YYYY'), '10:06:10', '1', '9V0BW1', '405');
INSERT INTO S24_S003_T6_TICKET (TID, TDate, Price, TTime, PID, BDate, BTime, No_of_seats, BNumber, RID) VALUES ('68395',TO_DATE( '3/5/2024','DD/MM/YYYY'), '10.2', '21:36:04', '26',TO_DATE( '4/3/2024','DD/MM/YYYY'), '11:06:10', '1', '9V0BW1', '405');
INSERT INTO S24_S003_T6_TICKET (TID, TDate, Price, TTime, PID, BDate, BTime, No_of_seats, BNumber, RID) VALUES ('68396',TO_DATE( '3/5/2024','DD/MM/YYYY'), '10.2', '21:36:04', '6',TO_DATE( '4/3/2024','DD/MM/YYYY'), '12:06:10', '1', '9V0BW1', '405');
INSERT INTO S24_S003_T6_TICKET (TID, TDate, Price, TTime, PID, BDate, BTime, No_of_seats, BNumber, RID) VALUES ('68397',TO_DATE( '3/5/2024','DD/MM/YYYY'), '10.2', '21:36:04', '23',TO_DATE( '4/3/2024','DD/MM/YYYY'), '13:06:10', '1', '9V0BW1', '405');
INSERT INTO S24_S003_T6_TICKET (TID, TDate, Price, TTime, PID, BDate, BTime, No_of_seats, BNumber, RID) VALUES ('68398',TO_DATE( '3/5/2024','DD/MM/YYYY'), '10.2', '21:36:04', '44',TO_DATE( '4/3/2024','DD/MM/YYYY'), '14:06:10', '1', '9V0BW1', '405');
INSERT INTO S24_S003_T6_TICKET (TID, TDate, Price, TTime, PID, BDate, BTime, No_of_seats, BNumber, RID) VALUES ('68399',TO_DATE( '3/5/2024','DD/MM/YYYY'), '10.2', '21:36:04', '25',TO_DATE( '4/3/2024','DD/MM/YYYY'), '15:06:10', '1', '9V0BW1', '405');
INSERT INTO S24_S003_T6_TICKET (TID, TDate, Price, TTime, PID, BDate, BTime, No_of_seats, BNumber, RID) VALUES ('68400',TO_DATE( '3/5/2024','DD/MM/YYYY'), '10.2', '21:36:04', '15',TO_DATE( '4/3/2024','DD/MM/YYYY'), '16:06:10', '1', '9V0BW1', '405');
INSERT INTO S24_S003_T6_TICKET (TID, TDate, Price, TTime, PID, BDate, BTime, No_of_seats, BNumber, RID) VALUES ('68401',TO_DATE( '3/5/2024','DD/MM/YYYY'), '10.2', '21:36:04', '46',TO_DATE( '4/3/2024','DD/MM/YYYY'), '17:06:10', '1', '9V0BW1', '405');
INSERT INTO S24_S003_T6_TICKET (TID, TDate, Price, TTime, PID, BDate, BTime, No_of_seats, BNumber, RID) VALUES ('68402',TO_DATE( '3/5/2024','DD/MM/YYYY'), '10.2', '21:36:04', '39',TO_DATE( '4/3/2024','DD/MM/YYYY'), '18:06:10', '1', '9V0BW1', '405');
INSERT INTO S24_S003_T6_TICKET (TID, TDate, Price, TTime, PID, BDate, BTime, No_of_seats, BNumber, RID) VALUES ('68403',TO_DATE( '3/5/2024','DD/MM/YYYY'), '10.2', '21:36:04', '28',TO_DATE( '4/3/2024','DD/MM/YYYY'), '19:06:10', '1', '9V0BW1', '405');
INSERT INTO S24_S003_T6_TICKET (TID, TDate, Price, TTime, PID, BDate, BTime, No_of_seats, BNumber, RID) VALUES ('68404',TO_DATE( '3/5/2024','DD/MM/YYYY'), '10.2', '21:36:04', '50',TO_DATE( '4/3/2024','DD/MM/YYYY'), '20:06:10', '1', '9V0BW1', '405');
INSERT INTO S24_S003_T6_TICKET (TID, TDate, Price, TTime, PID, BDate, BTime, No_of_seats, BNumber, RID) VALUES ('68405',TO_DATE( '3/5/2024','DD/MM/YYYY'), '10.2', '21:36:04', '17',TO_DATE( '4/3/2024','DD/MM/YYYY'), '21:06:10', '1', '9V0BW1', '405');
INSERT INTO S24_S003_T6_TICKET (TID, TDate, Price, TTime, PID, BDate, BTime, No_of_seats, BNumber, RID) VALUES ('68406',TO_DATE( '3/5/2024','DD/MM/YYYY'), '10.2', '21:36:04', '22',TO_DATE( '4/3/2024','DD/MM/YYYY'), '22:06:10', '1', '9V0BW1', '405');
INSERT INTO S24_S003_T6_TICKET (TID, TDate, Price, TTime, PID, BDate, BTime, No_of_seats, BNumber, RID) VALUES ('68407',TO_DATE( '3/5/2024','DD/MM/YYYY'), '10.2', '21:36:04', '43',TO_DATE( '4/3/2024','DD/MM/YYYY'), '23:06:10', '1', '9V0BW1', '405');
INSERT INTO S24_S003_T6_TICKET (TID, TDate, Price, TTime, PID, BDate, BTime, No_of_seats, BNumber, RID) VALUES ('68408',TO_DATE( '3/5/2024','DD/MM/YYYY'), '10.2', '21:36:04', '36',TO_DATE( '14/4/2024','DD/MM/YYYY'), '0:06:10', '1', '9V0BW1', '405');
INSERT INTO S24_S003_T6_TICKET (TID, TDate, Price, TTime, PID, BDate, BTime, No_of_seats, BNumber, RID) VALUES ('68409',TO_DATE( '3/5/2024','DD/MM/YYYY'), '10.2', '21:36:04', '7',TO_DATE( '14/4/2024','DD/MM/YYYY'), '1:06:10', '1', '9V0BW1', '405');
INSERT INTO S24_S003_T6_TICKET (TID, TDate, Price, TTime, PID, BDate, BTime, No_of_seats, BNumber, RID) VALUES ('68410',TO_DATE( '3/5/2024','DD/MM/YYYY'), '10.2', '21:36:04', '48',TO_DATE( '14/4/2024','DD/MM/YYYY'), '2:06:10', '1', '9V0BW1', '405');
INSERT INTO S24_S003_T6_TICKET (TID, TDate, Price, TTime, PID, BDate, BTime, No_of_seats, BNumber, RID) VALUES ('68411',TO_DATE( '3/5/2024','DD/MM/YYYY'), '10.2', '21:36:04', '9',TO_DATE( '14/4/2024','DD/MM/YYYY'), '3:06:10', '1', '9V0BW1', '405');
INSERT INTO S24_S003_T6_TICKET (TID, TDate, Price, TTime, PID, BDate, BTime, No_of_seats, BNumber, RID) VALUES ('68412',TO_DATE( '3/5/2024','DD/MM/YYYY'), '10.2', '21:36:04', '10',TO_DATE( '14/4/2024','DD/MM/YYYY'), '4:06:10', '1', '9V0BW1', '405');
INSERT INTO S24_S003_T6_TICKET (TID, TDate, Price, TTime, PID, BDate, BTime, No_of_seats, BNumber, RID) VALUES ('68413',TO_DATE( '3/5/2024','DD/MM/YYYY'), '10.2', '21:36:04', '27',TO_DATE( '14/4/2024','DD/MM/YYYY'), '5:06:10', '1', '9V0BW1', '405');
INSERT INTO S24_S003_T6_TICKET (TID, TDate, Price, TTime, PID, BDate, BTime, No_of_seats, BNumber, RID) VALUES ('68414',TO_DATE( '3/5/2024','DD/MM/YYYY'), '10.2', '21:36:04', '13',TO_DATE( '14/4/2024','DD/MM/YYYY'), '6:06:10', '1', '9V0BW1', '405');
INSERT INTO S24_S003_T6_TICKET (TID, TDate, Price, TTime, PID, BDate, BTime, No_of_seats, BNumber, RID) VALUES ('68415',TO_DATE( '3/5/2024','DD/MM/YYYY'), '10.2', '21:36:04', '35',TO_DATE( '14/4/2024','DD/MM/YYYY'), '7:06:10', '1', '9V0BW1', '405');
INSERT INTO S24_S003_T6_TICKET (TID, TDate, Price, TTime, PID, BDate, BTime, No_of_seats, BNumber, RID) VALUES ('68416',TO_DATE( '3/5/2024','DD/MM/YYYY'), '10.2', '21:36:04', '16',TO_DATE( '14/4/2024','DD/MM/YYYY'), '8:06:10', '1', '9V0BW1', '405');
INSERT INTO S24_S003_T6_TICKET (TID, TDate, Price, TTime, PID, BDate, BTime, No_of_seats, BNumber, RID) VALUES ('68417',TO_DATE( '3/5/2024','DD/MM/YYYY'), '10.2', '21:36:04', '45',TO_DATE( '14/4/2024','DD/MM/YYYY'), '9:06:10', '1', '9V0BW1', '405');
INSERT INTO S24_S003_T6_TICKET (TID, TDate, Price, TTime, PID, BDate, BTime, No_of_seats, BNumber, RID) VALUES ('68418',TO_DATE( '3/5/2024','DD/MM/YYYY'), '10.2', '21:36:04', '33',TO_DATE( '14/4/2024','DD/MM/YYYY'), '10:06:10', '1', '9V0BW1', '405');
INSERT INTO S24_S003_T6_TICKET (TID, TDate, Price, TTime, PID, BDate, BTime, No_of_seats, BNumber, RID) VALUES ('68419',TO_DATE( '3/5/2024','DD/MM/YYYY'), '10.2', '21:36:04', '42',TO_DATE( '14/4/2024','DD/MM/YYYY'), '11:06:10', '1', '9V0BW1', '405');
INSERT INTO S24_S003_T6_TICKET (TID, TDate, Price, TTime, PID, BDate, BTime, No_of_seats, BNumber, RID) VALUES ('68420',TO_DATE( '3/5/2024','DD/MM/YYYY'), '10.2', '21:36:04', '37',TO_DATE( '14/4/2024','DD/MM/YYYY'), '12:06:10', '1', '9V0BW1', '405');
INSERT INTO S24_S003_T6_TICKET (TID, TDate, Price, TTime, PID, BDate, BTime, No_of_seats, BNumber, RID) VALUES ('68421',TO_DATE( '3/5/2024','DD/MM/YYYY'), '10.2', '21:36:04', '19',TO_DATE( '14/4/2024','DD/MM/YYYY'), '13:06:10', '1', '9V0BW1', '405');
INSERT INTO S24_S003_T6_TICKET (TID, TDate, Price, TTime, PID, BDate, BTime, No_of_seats, BNumber, RID) VALUES ('68422',TO_DATE( '3/5/2024','DD/MM/YYYY'), '10.2', '21:36:04', '24',TO_DATE( '14/4/2024','DD/MM/YYYY'), '14:06:10', '1', '9V0BW1', '405');
INSERT INTO S24_S003_T6_TICKET (TID, TDate, Price, TTime, PID, BDate, BTime, No_of_seats, BNumber, RID) VALUES ('68423',TO_DATE( '3/5/2024','DD/MM/YYYY'), '10.2', '21:36:04', '26',TO_DATE( '2/5/2024','DD/MM/YYYY'), '15:06:10', '1', '9V0BW1', '405');
INSERT INTO S24_S003_T6_TICKET (TID, TDate, Price, TTime, PID, BDate, BTime, No_of_seats, BNumber, RID) VALUES ('68424',TO_DATE( '3/5/2024','DD/MM/YYYY'), '10.2', '21:36:04', '6',TO_DATE( '2/5/2024','DD/MM/YYYY'), '16:06:10', '1', '9V0BW1', '405');
INSERT INTO S24_S003_T6_TICKET (TID, TDate, Price, TTime, PID, BDate, BTime, No_of_seats, BNumber, RID) VALUES ('68425',TO_DATE( '3/5/2024','DD/MM/YYYY'), '10.2', '21:36:04', '23',TO_DATE( '2/5/2024','DD/MM/YYYY'), '17:06:10', '1', '9V0BW1', '405');
INSERT INTO S24_S003_T6_TICKET (TID, TDate, Price, TTime, PID, BDate, BTime, No_of_seats, BNumber, RID) VALUES ('68426',TO_DATE( '3/5/2024','DD/MM/YYYY'), '10.2', '21:36:04', '44',TO_DATE( '2/5/2024','DD/MM/YYYY'), '18:06:10', '1', '9V0BW1', '405');
INSERT INTO S24_S003_T6_TICKET (TID, TDate, Price, TTime, PID, BDate, BTime, No_of_seats, BNumber, RID) VALUES ('68427',TO_DATE( '3/5/2024','DD/MM/YYYY'), '10.2', '21:36:04', '25',TO_DATE( '2/5/2024','DD/MM/YYYY'), '19:06:10', '1', '9V0BW1', '405');
INSERT INTO S24_S003_T6_TICKET (TID, TDate, Price, TTime, PID, BDate, BTime, No_of_seats, BNumber, RID) VALUES ('68428',TO_DATE( '3/5/2024','DD/MM/YYYY'), '10.2', '21:36:04', '11',TO_DATE( '2/5/2024','DD/MM/YYYY'), '20:06:10', '1', '9V0BW1', '405');
INSERT INTO S24_S003_T6_TICKET (TID, TDate, Price, TTime, PID, BDate, BTime, No_of_seats, BNumber, RID) VALUES ('338879',TO_DATE( '13/10/2024','DD/MM/YYYY'), '23.2', '21:36:04', '1',TO_DATE( '4/7/2024','DD/MM/YYYY'), '5:06:10', '1', 'EOF640', '404');
INSERT INTO S24_S003_T6_TICKET (TID, TDate, Price, TTime, PID, BDate, BTime, No_of_seats, BNumber, RID) VALUES ('338880',TO_DATE( '13/10/2024','DD/MM/YYYY'), '23.2', '21:36:04', '2',TO_DATE( '4/7/2024','DD/MM/YYYY'), '6:06:10', '1', 'EOF640', '404');
INSERT INTO S24_S003_T6_TICKET (TID, TDate, Price, TTime, PID, BDate, BTime, No_of_seats, BNumber, RID) VALUES ('338881',TO_DATE( '13/10/2024','DD/MM/YYYY'), '23.2', '21:36:04', '3',TO_DATE( '4/7/2024','DD/MM/YYYY'), '7:06:10', '1', 'EOF640', '404');
INSERT INTO S24_S003_T6_TICKET (TID, TDate, Price, TTime, PID, BDate, BTime, No_of_seats, BNumber, RID) VALUES ('338882',TO_DATE( '13/10/2024','DD/MM/YYYY'), '23.2', '21:36:04', '4',TO_DATE( '4/7/2024','DD/MM/YYYY'), '8:06:10', '1', 'EOF640', '404');
INSERT INTO S24_S003_T6_TICKET (TID, TDate, Price, TTime, PID, BDate, BTime, No_of_seats, BNumber, RID) VALUES ('338883',TO_DATE( '13/10/2024','DD/MM/YYYY'), '23.2', '21:36:04', '5',TO_DATE( '4/7/2024','DD/MM/YYYY'), '9:06:10', '1', 'EOF640', '404');
INSERT INTO S24_S003_T6_TICKET (TID, TDate, Price, TTime, PID, BDate, BTime, No_of_seats, BNumber, RID) VALUES ('338884',TO_DATE( '13/10/2024','DD/MM/YYYY'), '23.2', '21:36:04', '6',TO_DATE( '4/7/2024','DD/MM/YYYY'), '10:06:10', '1', 'EOF640', '404');
INSERT INTO S24_S003_T6_TICKET (TID, TDate, Price, TTime, PID, BDate, BTime, No_of_seats, BNumber, RID) VALUES ('338885',TO_DATE( '13/10/2024','DD/MM/YYYY'), '23.2', '21:36:04', '7',TO_DATE( '4/7/2024','DD/MM/YYYY'), '11:06:10', '1', 'EOF640', '404');
INSERT INTO S24_S003_T6_TICKET (TID, TDate, Price, TTime, PID, BDate, BTime, No_of_seats, BNumber, RID) VALUES ('338886',TO_DATE( '13/10/2024','DD/MM/YYYY'), '23.2', '21:36:04', '8',TO_DATE( '4/7/2024','DD/MM/YYYY'), '12:06:10', '1', 'EOF640', '404');
INSERT INTO S24_S003_T6_TICKET (TID, TDate, Price, TTime, PID, BDate, BTime, No_of_seats, BNumber, RID) VALUES ('338887',TO_DATE( '13/10/2024','DD/MM/YYYY'), '23.2', '21:36:04', '9',TO_DATE( '4/7/2024','DD/MM/YYYY'), '13:06:10', '1', 'EOF640', '404');
INSERT INTO S24_S003_T6_TICKET (TID, TDate, Price, TTime, PID, BDate, BTime, No_of_seats, BNumber, RID) VALUES ('338888',TO_DATE( '13/10/2024','DD/MM/YYYY'), '23.2', '21:36:04', '10',TO_DATE( '4/7/2024','DD/MM/YYYY'), '14:06:10', '1', 'EOF640', '404');
INSERT INTO S24_S003_T6_TICKET (TID, TDate, Price, TTime, PID, BDate, BTime, No_of_seats, BNumber, RID) VALUES ('338889',TO_DATE( '13/10/2024','DD/MM/YYYY'), '23.2', '21:36:04', '11',TO_DATE( '4/7/2024','DD/MM/YYYY'), '15:06:10', '1', 'EOF640', '404');
INSERT INTO S24_S003_T6_TICKET (TID, TDate, Price, TTime, PID, BDate, BTime, No_of_seats, BNumber, RID) VALUES ('338890',TO_DATE( '13/10/2024','DD/MM/YYYY'), '23.2', '21:36:04', '12',TO_DATE( '4/7/2024','DD/MM/YYYY'), '16:06:10', '1', 'EOF640', '404');
INSERT INTO S24_S003_T6_TICKET (TID, TDate, Price, TTime, PID, BDate, BTime, No_of_seats, BNumber, RID) VALUES ('338891',TO_DATE( '13/10/2024','DD/MM/YYYY'), '23.2', '21:36:04', '13',TO_DATE( '4/7/2024','DD/MM/YYYY'), '17:06:10', '1', 'EOF640', '404');
INSERT INTO S24_S003_T6_TICKET (TID, TDate, Price, TTime, PID, BDate, BTime, No_of_seats, BNumber, RID) VALUES ('338892',TO_DATE( '13/10/2024','DD/MM/YYYY'), '23.2', '21:36:04', '14',TO_DATE( '4/7/2024','DD/MM/YYYY'), '18:06:10', '1', 'EOF640', '404');
INSERT INTO S24_S003_T6_TICKET (TID, TDate, Price, TTime, PID, BDate, BTime, No_of_seats, BNumber, RID) VALUES ('338893',TO_DATE( '13/10/2024','DD/MM/YYYY'), '23.2', '21:36:04', '15',TO_DATE( '4/7/2024','DD/MM/YYYY'), '19:06:10', '1', 'EOF640', '404');
INSERT INTO S24_S003_T6_TICKET (TID, TDate, Price, TTime, PID, BDate, BTime, No_of_seats, BNumber, RID) VALUES ('338894',TO_DATE( '13/10/2024','DD/MM/YYYY'), '23.2', '21:36:04', '16',TO_DATE( '4/7/2024','DD/MM/YYYY'), '20:06:10', '1', 'EOF640', '404');
INSERT INTO S24_S003_T6_TICKET (TID, TDate, Price, TTime, PID, BDate, BTime, No_of_seats, BNumber, RID) VALUES ('338895',TO_DATE( '13/10/2024','DD/MM/YYYY'), '23.2', '21:36:04', '17',TO_DATE( '4/7/2024','DD/MM/YYYY'), '21:06:10', '1', 'EOF640', '404');
INSERT INTO S24_S003_T6_TICKET (TID, TDate, Price, TTime, PID, BDate, BTime, No_of_seats, BNumber, RID) VALUES ('338896',TO_DATE( '13/10/2024','DD/MM/YYYY'), '23.2', '21:36:04', '18',TO_DATE( '4/7/2024','DD/MM/YYYY'), '22:06:10', '1', 'EOF640', '404');
INSERT INTO S24_S003_T6_TICKET (TID, TDate, Price, TTime, PID, BDate, BTime, No_of_seats, BNumber, RID) VALUES ('338897',TO_DATE( '13/10/2024','DD/MM/YYYY'), '23.2', '21:36:04', '19',TO_DATE( '4/7/2024','DD/MM/YYYY'), '23:06:10', '1', 'EOF640', '404');
INSERT INTO S24_S003_T6_TICKET (TID, TDate, Price, TTime, PID, BDate, BTime, No_of_seats, BNumber, RID) VALUES ('338898',TO_DATE( '13/10/2024','DD/MM/YYYY'), '23.2', '21:36:04', '20',TO_DATE( '4/7/2024','DD/MM/YYYY'), '0:06:10', '1', 'EOF640', '404');
INSERT INTO S24_S003_T6_TICKET (TID, TDate, Price, TTime, PID, BDate, BTime, No_of_seats, BNumber, RID) VALUES ('338899',TO_DATE( '13/10/2024','DD/MM/YYYY'), '23.2', '21:36:04', '21',TO_DATE( '21/8/2024','DD/MM/YYYY'), '1:06:10', '1', 'EOF640', '404');
INSERT INTO S24_S003_T6_TICKET (TID, TDate, Price, TTime, PID, BDate, BTime, No_of_seats, BNumber, RID) VALUES ('338900',TO_DATE( '13/10/2024','DD/MM/YYYY'), '23.2', '21:36:04', '22',TO_DATE( '21/8/2024','DD/MM/YYYY'), '2:06:10', '1', 'EOF640', '404');
INSERT INTO S24_S003_T6_TICKET (TID, TDate, Price, TTime, PID, BDate, BTime, No_of_seats, BNumber, RID) VALUES ('338901',TO_DATE( '13/10/2024','DD/MM/YYYY'), '23.2', '21:36:04', '23',TO_DATE( '21/8/2024','DD/MM/YYYY'), '3:06:10', '1', 'EOF640', '404');
INSERT INTO S24_S003_T6_TICKET (TID, TDate, Price, TTime, PID, BDate, BTime, No_of_seats, BNumber, RID) VALUES ('338902',TO_DATE( '13/10/2024','DD/MM/YYYY'), '23.2', '21:36:04', '24',TO_DATE( '21/8/2024','DD/MM/YYYY'), '4:06:10', '1', 'EOF640', '404');
INSERT INTO S24_S003_T6_TICKET (TID, TDate, Price, TTime, PID, BDate, BTime, No_of_seats, BNumber, RID) VALUES ('338903',TO_DATE( '13/10/2024','DD/MM/YYYY'), '23.2', '21:36:04', '25',TO_DATE( '21/8/2024','DD/MM/YYYY'), '5:06:10', '1', 'EOF640', '404');
INSERT INTO S24_S003_T6_TICKET (TID, TDate, Price, TTime, PID, BDate, BTime, No_of_seats, BNumber, RID) VALUES ('338904',TO_DATE( '13/10/2024','DD/MM/YYYY'), '23.2', '21:36:04', '26',TO_DATE( '21/8/2024','DD/MM/YYYY'), '6:06:10', '1', 'EOF640', '404');
INSERT INTO S24_S003_T6_TICKET (TID, TDate, Price, TTime, PID, BDate, BTime, No_of_seats, BNumber, RID) VALUES ('338905',TO_DATE( '13/10/2024','DD/MM/YYYY'), '23.2', '21:36:04', '27',TO_DATE( '21/8/2024','DD/MM/YYYY'), '7:06:10', '1', 'EOF640', '404');
INSERT INTO S24_S003_T6_TICKET (TID, TDate, Price, TTime, PID, BDate, BTime, No_of_seats, BNumber, RID) VALUES ('338906',TO_DATE( '13/10/2024','DD/MM/YYYY'), '23.2', '21:36:04', '28',TO_DATE( '21/8/2024','DD/MM/YYYY'), '8:06:10', '1', 'EOF640', '404');
INSERT INTO S24_S003_T6_TICKET (TID, TDate, Price, TTime, PID, BDate, BTime, No_of_seats, BNumber, RID) VALUES ('338907',TO_DATE( '13/10/2024','DD/MM/YYYY'), '23.2', '21:36:04', '29',TO_DATE( '21/8/2024','DD/MM/YYYY'), '9:06:10', '1', 'EOF640', '404');
INSERT INTO S24_S003_T6_TICKET (TID, TDate, Price, TTime, PID, BDate, BTime, No_of_seats, BNumber, RID) VALUES ('338908',TO_DATE( '13/10/2024','DD/MM/YYYY'), '23.2', '21:36:04', '30',TO_DATE( '21/8/2024','DD/MM/YYYY'), '10:06:10', '1', 'EOF640', '404');
INSERT INTO S24_S003_T6_TICKET (TID, TDate, Price, TTime, PID, BDate, BTime, No_of_seats, BNumber, RID) VALUES ('338909',TO_DATE( '13/10/2024','DD/MM/YYYY'), '23.2', '21:36:04', '31',TO_DATE( '21/8/2024','DD/MM/YYYY'), '11:06:10', '1', 'EOF640', '404');
INSERT INTO S24_S003_T6_TICKET (TID, TDate, Price, TTime, PID, BDate, BTime, No_of_seats, BNumber, RID) VALUES ('338910',TO_DATE( '13/10/2024','DD/MM/YYYY'), '23.2', '21:36:04', '32',TO_DATE( '5/8/2024','DD/MM/YYYY'), '12:06:10', '1', 'EOF640', '404');
INSERT INTO S24_S003_T6_TICKET (TID, TDate, Price, TTime, PID, BDate, BTime, No_of_seats, BNumber, RID) VALUES ('338911',TO_DATE( '13/10/2024','DD/MM/YYYY'), '23.2', '21:36:04', '33',TO_DATE( '5/8/2024','DD/MM/YYYY'), '13:06:10', '1', 'EOF640', '404');
INSERT INTO S24_S003_T6_TICKET (TID, TDate, Price, TTime, PID, BDate, BTime, No_of_seats, BNumber, RID) VALUES ('338912',TO_DATE( '13/10/2024','DD/MM/YYYY'), '23.2', '21:36:04', '34',TO_DATE( '5/8/2024','DD/MM/YYYY'), '14:06:10', '1', 'EOF640', '404');
INSERT INTO S24_S003_T6_TICKET (TID, TDate, Price, TTime, PID, BDate, BTime, No_of_seats, BNumber, RID) VALUES ('338913',TO_DATE( '13/10/2024','DD/MM/YYYY'), '23.2', '21:36:04', '35',TO_DATE( '5/8/2024','DD/MM/YYYY'), '15:06:10', '1', 'EOF640', '404');
INSERT INTO S24_S003_T6_TICKET (TID, TDate, Price, TTime, PID, BDate, BTime, No_of_seats, BNumber, RID) VALUES ('338914',TO_DATE( '13/10/2024','DD/MM/YYYY'), '23.2', '21:36:04', '36',TO_DATE( '5/8/2024','DD/MM/YYYY'), '16:06:10', '1', 'EOF640', '404');
INSERT INTO S24_S003_T6_TICKET (TID, TDate, Price, TTime, PID, BDate, BTime, No_of_seats, BNumber, RID) VALUES ('338915',TO_DATE( '13/10/2024','DD/MM/YYYY'), '23.2', '21:36:04', '37',TO_DATE( '5/8/2024','DD/MM/YYYY'), '17:06:10', '1', 'EOF640', '404');
INSERT INTO S24_S003_T6_TICKET (TID, TDate, Price, TTime, PID, BDate, BTime, No_of_seats, BNumber, RID) VALUES ('338916',TO_DATE( '13/10/2024','DD/MM/YYYY'), '23.2', '21:36:04', '38',TO_DATE( '5/8/2024','DD/MM/YYYY'), '18:06:10', '1', 'EOF640', '404');
INSERT INTO S24_S003_T6_TICKET (TID, TDate, Price, TTime, PID, BDate, BTime, No_of_seats, BNumber, RID) VALUES ('338917',TO_DATE( '13/10/2024','DD/MM/YYYY'), '23.2', '21:36:04', '39',TO_DATE( '5/8/2024','DD/MM/YYYY'), '19:06:10', '1', 'EOF640', '404');
INSERT INTO S24_S003_T6_TICKET (TID, TDate, Price, TTime, PID, BDate, BTime, No_of_seats, BNumber, RID) VALUES ('338918',TO_DATE( '13/10/2024','DD/MM/YYYY'), '23.2', '21:36:04', '40',TO_DATE( '5/8/2024','DD/MM/YYYY'), '20:06:10', '1', 'EOF640', '404');
INSERT INTO S24_S003_T6_TICKET (TID, TDate, Price, TTime, PID, BDate, BTime, No_of_seats, BNumber, RID) VALUES ('1002345',TO_DATE( '21/8/2024','DD/MM/YYYY'), '23.2', '21:36:04', '1',TO_DATE( '16/7/2024','DD/MM/YYYY'), '5:06:10', '1', 'MSSETO', '409');
INSERT INTO S24_S003_T6_TICKET (TID, TDate, Price, TTime, PID, BDate, BTime, No_of_seats, BNumber, RID) VALUES ('1002346',TO_DATE( '21/8/2024','DD/MM/YYYY'), '23.2', '21:36:04', '2',TO_DATE( '16/7/2024','DD/MM/YYYY'), '6:06:10', '1', 'MSSETO', '409');
INSERT INTO S24_S003_T6_TICKET (TID, TDate, Price, TTime, PID, BDate, BTime, No_of_seats, BNumber, RID) VALUES ('1002347',TO_DATE( '21/8/2024','DD/MM/YYYY'), '23.2', '21:36:04', '3',TO_DATE( '16/7/2024','DD/MM/YYYY'), '7:06:10', '1', 'MSSETO', '409');
INSERT INTO S24_S003_T6_TICKET (TID, TDate, Price, TTime, PID, BDate, BTime, No_of_seats, BNumber, RID) VALUES ('1002348',TO_DATE( '21/8/2024','DD/MM/YYYY'), '23.2', '21:36:04', '4',TO_DATE( '16/7/2024','DD/MM/YYYY'), '8:06:10', '1', 'MSSETO', '409');
INSERT INTO S24_S003_T6_TICKET (TID, TDate, Price, TTime, PID, BDate, BTime, No_of_seats, BNumber, RID) VALUES ('1002349',TO_DATE( '21/8/2024','DD/MM/YYYY'), '23.2', '21:36:04', '5',TO_DATE( '16/7/2024','DD/MM/YYYY'), '9:06:10', '1', 'MSSETO', '409');
INSERT INTO S24_S003_T6_TICKET (TID, TDate, Price, TTime, PID, BDate, BTime, No_of_seats, BNumber, RID) VALUES ('1002350',TO_DATE( '21/8/2024','DD/MM/YYYY'), '23.2', '21:36:04', '6',TO_DATE( '16/7/2024','DD/MM/YYYY'), '10:06:10', '1', 'MSSETO', '409');
INSERT INTO S24_S003_T6_TICKET (TID, TDate, Price, TTime, PID, BDate, BTime, No_of_seats, BNumber, RID) VALUES ('1002351',TO_DATE( '21/8/2024','DD/MM/YYYY'), '23.2', '21:36:04', '7',TO_DATE( '16/7/2024','DD/MM/YYYY'), '11:06:10', '1', 'MSSETO', '409');
INSERT INTO S24_S003_T6_TICKET (TID, TDate, Price, TTime, PID, BDate, BTime, No_of_seats, BNumber, RID) VALUES ('1002352',TO_DATE( '21/8/2024','DD/MM/YYYY'), '23.2', '21:36:04', '8',TO_DATE( '16/7/2024','DD/MM/YYYY'), '12:06:10', '1', 'MSSETO', '409');
INSERT INTO S24_S003_T6_TICKET (TID, TDate, Price, TTime, PID, BDate, BTime, No_of_seats, BNumber, RID) VALUES ('1002353',TO_DATE( '21/8/2024','DD/MM/YYYY'), '23.2', '21:36:04', '9',TO_DATE( '16/7/2024','DD/MM/YYYY'), '13:06:10', '1', 'MSSETO', '409');
INSERT INTO S24_S003_T6_TICKET (TID, TDate, Price, TTime, PID, BDate, BTime, No_of_seats, BNumber, RID) VALUES ('1002354',TO_DATE( '21/8/2024','DD/MM/YYYY'), '23.2', '21:36:04', '10',TO_DATE( '16/7/2024','DD/MM/YYYY'), '14:06:10', '1', 'MSSETO', '409');
INSERT INTO S24_S003_T6_TICKET (TID, TDate, Price, TTime, PID, BDate, BTime, No_of_seats, BNumber, RID) VALUES ('1002355',TO_DATE( '21/8/2024','DD/MM/YYYY'), '23.2', '21:36:04', '11',TO_DATE( '16/7/2024','DD/MM/YYYY'), '15:06:10', '1', 'MSSETO', '409');
INSERT INTO S24_S003_T6_TICKET (TID, TDate, Price, TTime, PID, BDate, BTime, No_of_seats, BNumber, RID) VALUES ('1002356',TO_DATE( '21/8/2024','DD/MM/YYYY'), '23.2', '21:36:04', '12',TO_DATE( '16/7/2024','DD/MM/YYYY'), '16:06:10', '1', 'MSSETO', '409');
INSERT INTO S24_S003_T6_TICKET (TID, TDate, Price, TTime, PID, BDate, BTime, No_of_seats, BNumber, RID) VALUES ('1002357',TO_DATE( '21/8/2024','DD/MM/YYYY'), '23.2', '21:36:04', '13',TO_DATE( '16/7/2024','DD/MM/YYYY'), '17:06:10', '1', 'MSSETO', '409');
INSERT INTO S24_S003_T6_TICKET (TID, TDate, Price, TTime, PID, BDate, BTime, No_of_seats, BNumber, RID) VALUES ('1002358',TO_DATE( '21/8/2024','DD/MM/YYYY'), '23.2', '21:36:04', '14',TO_DATE( '16/7/2024','DD/MM/YYYY'), '18:06:10', '1', 'MSSETO', '409');
INSERT INTO S24_S003_T6_TICKET (TID, TDate, Price, TTime, PID, BDate, BTime, No_of_seats, BNumber, RID) VALUES ('1002359',TO_DATE( '21/8/2024','DD/MM/YYYY'), '23.2', '21:36:04', '15',TO_DATE( '16/7/2024','DD/MM/YYYY'), '19:06:10', '1', 'MSSETO', '409');
INSERT INTO S24_S003_T6_TICKET (TID, TDate, Price, TTime, PID, BDate, BTime, No_of_seats, BNumber, RID) VALUES ('1002360',TO_DATE( '21/8/2024','DD/MM/YYYY'), '23.2', '21:36:04', '16',TO_DATE( '16/7/2024','DD/MM/YYYY'), '20:06:10', '1', 'MSSETO', '409');
INSERT INTO S24_S003_T6_TICKET (TID, TDate, Price, TTime, PID, BDate, BTime, No_of_seats, BNumber, RID) VALUES ('1002361',TO_DATE( '21/8/2024','DD/MM/YYYY'), '23.2', '21:36:04', '17',TO_DATE( '16/7/2024','DD/MM/YYYY'), '21:06:10', '1', 'MSSETO', '409');
INSERT INTO S24_S003_T6_TICKET (TID, TDate, Price, TTime, PID, BDate, BTime, No_of_seats, BNumber, RID) VALUES ('1002362',TO_DATE( '21/8/2024','DD/MM/YYYY'), '23.2', '21:36:04', '18',TO_DATE( '16/7/2024','DD/MM/YYYY'), '22:06:10', '1', 'MSSETO', '409');
INSERT INTO S24_S003_T6_TICKET (TID, TDate, Price, TTime, PID, BDate, BTime, No_of_seats, BNumber, RID) VALUES ('1002363',TO_DATE( '21/8/2024','DD/MM/YYYY'), '23.2', '21:36:04', '19',TO_DATE( '20/8/2024','DD/MM/YYYY'), '23:06:10', '1', 'MSSETO', '409');
INSERT INTO S24_S003_T6_TICKET (TID, TDate, Price, TTime, PID, BDate, BTime, No_of_seats, BNumber, RID) VALUES ('1002364',TO_DATE( '21/8/2024','DD/MM/YYYY'), '23.2', '21:36:04', '20',TO_DATE( '20/8/2024','DD/MM/YYYY'), '0:06:10', '1', 'MSSETO', '409');
INSERT INTO S24_S003_T6_TICKET (TID, TDate, Price, TTime, PID, BDate, BTime, No_of_seats, BNumber, RID) VALUES ('1002365',TO_DATE( '21/8/2024','DD/MM/YYYY'), '23.2', '21:36:04', '21',TO_DATE( '20/8/2024','DD/MM/YYYY'), '1:06:10', '1', 'MSSETO', '409');
INSERT INTO S24_S003_T6_TICKET (TID, TDate, Price, TTime, PID, BDate, BTime, No_of_seats, BNumber, RID) VALUES ('1002366',TO_DATE( '21/8/2024','DD/MM/YYYY'), '23.2', '21:36:04', '22',TO_DATE( '20/8/2024','DD/MM/YYYY'), '2:06:10', '1', 'MSSETO', '409');
INSERT INTO S24_S003_T6_TICKET (TID, TDate, Price, TTime, PID, BDate, BTime, No_of_seats, BNumber, RID) VALUES ('1002367',TO_DATE( '21/8/2024','DD/MM/YYYY'), '23.2', '21:36:04', '23',TO_DATE( '20/8/2024','DD/MM/YYYY'), '3:06:10', '1', 'MSSETO', '409');
INSERT INTO S24_S003_T6_TICKET (TID, TDate, Price, TTime, PID, BDate, BTime, No_of_seats, BNumber, RID) VALUES ('1002368',TO_DATE( '21/8/2024','DD/MM/YYYY'), '23.2', '21:36:04', '24',TO_DATE( '20/8/2024','DD/MM/YYYY'), '4:06:10', '1', 'MSSETO', '409');
INSERT INTO S24_S003_T6_TICKET (TID, TDate, Price, TTime, PID, BDate, BTime, No_of_seats, BNumber, RID) VALUES ('1002369',TO_DATE( '21/8/2024','DD/MM/YYYY'), '23.2', '21:36:04', '25',TO_DATE( '20/8/2024','DD/MM/YYYY'), '5:06:10', '1', 'MSSETO', '409');
INSERT INTO S24_S003_T6_TICKET (TID, TDate, Price, TTime, PID, BDate, BTime, No_of_seats, BNumber, RID) VALUES ('1002370',TO_DATE( '21/8/2024','DD/MM/YYYY'), '23.2', '21:36:04', '26',TO_DATE( '20/8/2024','DD/MM/YYYY'), '6:06:10', '1', 'MSSETO', '409');
INSERT INTO S24_S003_T6_TICKET (TID, TDate, Price, TTime, PID, BDate, BTime, No_of_seats, BNumber, RID) VALUES ('989330', TO_DATE('09/03/2024', 'DD/MM/YYYY'), '45.92', '1:47:31', '24', TO_DATE('18/03/2024', 'DD/MM/YYYY'), '2:22:14', '1', '250FSA', '410');
INSERT INTO S24_S003_T6_TICKET (TID, TDate, Price, TTime, PID, BDate, BTime, No_of_seats, BNumber, RID) VALUES ('459331', TO_DATE('02/02/2024', 'DD/MM/YYYY'), '46.92', '11:21:09', '26', TO_DATE('04/02/2024', 'DD/MM/YYYY'), '13:53:05', '1', '250FSA', '410');
INSERT INTO S24_S003_T6_TICKET (TID, TDate, Price, TTime, PID, BDate, BTime, No_of_seats, BNumber, RID) VALUES ('809332', TO_DATE('24/01/2024', 'DD/MM/YYYY'), '47.92', '21:10:00', '6', TO_DATE('29/03/2024', 'DD/MM/YYYY'), '20:49:27', '1', '250FSA', '407');
INSERT INTO S24_S003_T6_TICKET (TID, TDate, Price, TTime, PID, BDate, BTime, No_of_seats, BNumber, RID) VALUES ('639333', TO_DATE('22/01/2024', 'DD/MM/YYYY'), '48.92', '11:42:10', '23', TO_DATE('05/02/2024', 'DD/MM/YYYY'), '4:49:14', '1', '250FSA', '407');
INSERT INTO S24_S003_T6_TICKET (TID, TDate, Price, TTime, PID, BDate, BTime, No_of_seats, BNumber, RID) VALUES ('749334', TO_DATE('04/01/2024', 'DD/MM/YYYY'), '49.92', '22:51:22', '44', TO_DATE('27/02/2024', 'DD/MM/YYYY'), '4:17:48', '1', '250FSA', '404');
INSERT INTO S24_S003_T6_TICKET (TID, TDate, Price, TTime, PID, BDate, BTime, No_of_seats, BNumber, RID) VALUES ('987635', TO_DATE('19/01/2024', 'DD/MM/YYYY'), '50.92', '8:42:21', '25', TO_DATE('11/01/2024', 'DD/MM/YYYY'), '4:17:48 AM', '1', '250FSA', '407');
INSERT INTO S24_S003_T6_TICKET (TID, TDate, Price, TTime, PID, BDate, BTime, No_of_seats, BNumber, RID) VALUES ('887635', TO_DATE('19/01/2024', 'DD/MM/YYYY'), '50.92', '8:42:21', '25', TO_DATE('11/01/2024', 'DD/MM/YYYY'), '4:17:48 AM', '1', '250FSA', '402');
INSERT INTO S24_S003_T6_TICKET (TID, TDate, Price, TTime, PID, BDate, BTime, No_of_seats, BNumber, RID) VALUES ('678635', TO_DATE('28/01/2024', 'DD/MM/YYYY'), '50.92', '8:42:21', '25', TO_DATE('11/01/2024', 'DD/MM/YYYY'), '4:17:48 AM', '1', 'V5LCE6', '402');
INSERT INTO S24_S003_T6_TICKET (TID, TDate, Price, TTime, PID, BDate, BTime, No_of_seats, BNumber, RID) VALUES ('888635', TO_DATE('30/06/2024', 'DD/MM/YYYY'), '50.92', '8:42:21', '25', TO_DATE('11/01/2024', 'DD/MM/YYYY'), '4:17:48 AM', '1', 'V5LCE6', '404');
INSERT INTO S24_S003_T6_TICKET (TID, TDate, Price, TTime, PID, BDate, BTime, No_of_seats, BNumber, RID) VALUES ('902383', TO_DATE('24/02/2024', 'DD/MM/YYYY'), '35.15', '11:21:41', '41', TO_DATE('30/01/2024', 'DD/MM/YYYY'), '21:50:41', '1', 'IPUV4E', '404');
INSERT INTO S24_S003_T6_TICKET (TID, TDate, Price, TTime, PID, BDate, BTime, No_of_seats, BNumber, RID) VALUES ('993959', TO_DATE('06/01/2024', 'DD/MM/YYYY'), '24.29', '12:11:57', '22', TO_DATE('03/01/2024', 'DD/MM/YYYY'), '12:32:51', '1', 'IPUV4E', '410');
INSERT INTO S24_S003_T6_TICKET (TID, TDate, Price, TTime, PID, BDate, BTime, No_of_seats, BNumber, RID) VALUES ('234524', TO_DATE('08/03/2024', 'DD/MM/YYYY'), '14.23', '3:21:09', '38', TO_DATE('17/02/2024', 'DD/MM/YYYY'), '20:43:11', '1', 'IPUV4E', '403');
INSERT INTO S24_S003_T6_TICKET (TID, TDate, Price, TTime, PID, BDate, BTime, No_of_seats, BNumber, RID) VALUES ('506828', TO_DATE('09/04/2024', 'DD/MM/YYYY'), '40.3', '4:46:30', '27', TO_DATE('06/01/2024', 'DD/MM/YYYY'), '9:04:49', '1', 'IPUV4E', '407');
INSERT INTO S24_S003_T6_TICKET (TID, TDate, Price, TTime, PID, BDate, BTime, No_of_seats, BNumber, RID) VALUES ('437692', TO_DATE('30/03/2024', 'DD/MM/YYYY'), '22.71', '4:46:27', '4', TO_DATE('13/02/2024', 'DD/MM/YYYY'), '17:38:55', '1', 'IPUV4E', '403');
INSERT INTO S24_S003_T6_TICKET (TID, TDate, Price, TTime, PID, BDate, BTime, No_of_seats, BNumber, RID) VALUES ('430028', TO_DATE('24/02/2024', 'DD/MM/YYYY'), '22.65', '10:45:00', '15', TO_DATE('13/02/2024', 'DD/MM/YYYY'), '13:42:35', '1', 'IPUV4E', '402');
INSERT INTO S24_S003_T6_TICKET (TID, TDate, Price, TTime, PID, BDate, BTime, No_of_seats, BNumber, RID) VALUES ('442087', TO_DATE('13/02/2024', 'DD/MM/YYYY'), '46.48', '5:32:25', '2', TO_DATE('05/02/2024', 'DD/MM/YYYY'), '16:01:14', '1', 'IPUV4E', '404');
INSERT INTO S24_S003_T6_TICKET (TID, TDate, Price, TTime, PID, BDate, BTime, No_of_seats, BNumber, RID) VALUES ('454969', TO_DATE('03/02/2024', 'DD/MM/YYYY'), '41.53', '21:35:34', '7', TO_DATE('15/01/2024', 'DD/MM/YYYY'), '0:50:03', '1', 'IPUV4E', '403');
INSERT INTO S24_S003_T6_TICKET (TID, TDate, Price, TTime, PID, BDate, BTime, No_of_seats, BNumber, RID) VALUES ('666650', TO_DATE('23/01/2024', 'DD/MM/YYYY'), '18.6', '1:28:31', '32', TO_DATE('21/01/2024', 'DD/MM/YYYY'), '0:13:05', '1', 'IPUV4E', '401');
INSERT INTO S24_S003_T6_TICKET (TID, TDate, Price, TTime, PID, BDate, BTime, No_of_seats, BNumber, RID) VALUES ('515134', TO_DATE('10/02/2024', 'DD/MM/YYYY'), '41.05', '12:10:00', '12', TO_DATE('26/01/2024', 'DD/MM/YYYY'), '15:33:10', '1', 'IPUV4E', '410');
INSERT INTO S24_S003_T6_TICKET (TID, TDate, Price, TTime, PID, BDate, BTime, No_of_seats, BNumber, RID) VALUES ('533567', TO_DATE('17/02/2024', 'DD/MM/YYYY'), '49.33', '22:47:30', '3', TO_DATE('25/03/2024', 'DD/MM/YYYY'), '21:03:58', '1', 'IPUV4E', '404');
INSERT INTO S24_S003_T6_TICKET (TID, TDate, Price, TTime, PID, BDate, BTime, No_of_seats, BNumber, RID) VALUES ('555598', TO_DATE('23/01/2024', 'DD/MM/YYYY'), '29.23', '14:28:32', '17', TO_DATE('15/01/2024', 'DD/MM/YYYY'), '20:20:26', '1', 'IPUV4E', '410');